-- MariaDB dump 10.19  Distrib 10.5.18-MariaDB, for debian-linux-gnu (x86_64)
--
-- Host: localhost    Database: lovelysad
-- ------------------------------------------------------
-- Server version	10.5.18-MariaDB-0+deb11u1

/*!40101 SET @OLD_CHARACTER_SET_CLIENT=@@CHARACTER_SET_CLIENT */;
/*!40101 SET @OLD_CHARACTER_SET_RESULTS=@@CHARACTER_SET_RESULTS */;
/*!40101 SET @OLD_COLLATION_CONNECTION=@@COLLATION_CONNECTION */;
/*!40101 SET NAMES utf8mb4 */;
/*!40103 SET @OLD_TIME_ZONE=@@TIME_ZONE */;
/*!40103 SET TIME_ZONE='+00:00' */;
/*!40014 SET @OLD_UNIQUE_CHECKS=@@UNIQUE_CHECKS, UNIQUE_CHECKS=0 */;
/*!40014 SET @OLD_FOREIGN_KEY_CHECKS=@@FOREIGN_KEY_CHECKS, FOREIGN_KEY_CHECKS=0 */;
/*!40101 SET @OLD_SQL_MODE=@@SQL_MODE, SQL_MODE='NO_AUTO_VALUE_ON_ZERO' */;
/*!40111 SET @OLD_SQL_NOTES=@@SQL_NOTES, SQL_NOTES=0 */;

--
-- Table structure for table `auth_group`
--

DROP TABLE IF EXISTS `auth_group`;
/*!40101 SET @saved_cs_client     = @@character_set_client */;
/*!40101 SET character_set_client = utf8 */;
CREATE TABLE `auth_group` (
  `id` int(11) NOT NULL AUTO_INCREMENT,
  `name` varchar(150) NOT NULL,
  PRIMARY KEY (`id`),
  UNIQUE KEY `name` (`name`)
) ENGINE=InnoDB DEFAULT CHARSET=utf8mb4 COLLATE=utf8mb4_general_ci;
/*!40101 SET character_set_client = @saved_cs_client */;

--
-- Dumping data for table `auth_group`
--

LOCK TABLES `auth_group` WRITE;
/*!40000 ALTER TABLE `auth_group` DISABLE KEYS */;
/*!40000 ALTER TABLE `auth_group` ENABLE KEYS */;
UNLOCK TABLES;

--
-- Table structure for table `auth_group_permissions`
--

DROP TABLE IF EXISTS `auth_group_permissions`;
/*!40101 SET @saved_cs_client     = @@character_set_client */;
/*!40101 SET character_set_client = utf8 */;
CREATE TABLE `auth_group_permissions` (
  `id` bigint(20) NOT NULL AUTO_INCREMENT,
  `group_id` int(11) NOT NULL,
  `permission_id` int(11) NOT NULL,
  PRIMARY KEY (`id`),
  UNIQUE KEY `auth_group_permissions_group_id_permission_id_0cd325b0_uniq` (`group_id`,`permission_id`),
  KEY `auth_group_permissio_permission_id_84c5c92e_fk_auth_perm` (`permission_id`),
  CONSTRAINT `auth_group_permissio_permission_id_84c5c92e_fk_auth_perm` FOREIGN KEY (`permission_id`) REFERENCES `auth_permission` (`id`),
  CONSTRAINT `auth_group_permissions_group_id_b120cbf9_fk_auth_group_id` FOREIGN KEY (`group_id`) REFERENCES `auth_group` (`id`)
) ENGINE=InnoDB DEFAULT CHARSET=utf8mb4 COLLATE=utf8mb4_general_ci;
/*!40101 SET character_set_client = @saved_cs_client */;

--
-- Dumping data for table `auth_group_permissions`
--

LOCK TABLES `auth_group_permissions` WRITE;
/*!40000 ALTER TABLE `auth_group_permissions` DISABLE KEYS */;
/*!40000 ALTER TABLE `auth_group_permissions` ENABLE KEYS */;
UNLOCK TABLES;

--
-- Table structure for table `auth_permission`
--

DROP TABLE IF EXISTS `auth_permission`;
/*!40101 SET @saved_cs_client     = @@character_set_client */;
/*!40101 SET character_set_client = utf8 */;
CREATE TABLE `auth_permission` (
  `id` int(11) NOT NULL AUTO_INCREMENT,
  `name` varchar(255) NOT NULL,
  `content_type_id` int(11) NOT NULL,
  `codename` varchar(100) NOT NULL,
  PRIMARY KEY (`id`),
  UNIQUE KEY `auth_permission_content_type_id_codename_01ab375a_uniq` (`content_type_id`,`codename`),
  CONSTRAINT `auth_permission_content_type_id_2f476e4b_fk_django_co` FOREIGN KEY (`content_type_id`) REFERENCES `django_content_type` (`id`)
) ENGINE=InnoDB AUTO_INCREMENT=73 DEFAULT CHARSET=utf8mb4 COLLATE=utf8mb4_general_ci;
/*!40101 SET character_set_client = @saved_cs_client */;

--
-- Dumping data for table `auth_permission`
--

LOCK TABLES `auth_permission` WRITE;
/*!40000 ALTER TABLE `auth_permission` DISABLE KEYS */;
INSERT INTO `auth_permission` VALUES (1,'Can add log entry',1,'add_logentry'),(2,'Can change log entry',1,'change_logentry'),(3,'Can delete log entry',1,'delete_logentry'),(4,'Can view log entry',1,'view_logentry'),(5,'Can add permission',2,'add_permission'),(6,'Can change permission',2,'change_permission'),(7,'Can delete permission',2,'delete_permission'),(8,'Can view permission',2,'view_permission'),(9,'Can add group',3,'add_group'),(10,'Can change group',3,'change_group'),(11,'Can delete group',3,'delete_group'),(12,'Can view group',3,'view_group'),(13,'Can add user',4,'add_user'),(14,'Can change user',4,'change_user'),(15,'Can delete user',4,'delete_user'),(16,'Can view user',4,'view_user'),(17,'Can add content type',5,'add_contenttype'),(18,'Can change content type',5,'change_contenttype'),(19,'Can delete content type',5,'delete_contenttype'),(20,'Can view content type',5,'view_contenttype'),(21,'Can add session',6,'add_session'),(22,'Can change session',6,'change_session'),(23,'Can delete session',6,'delete_session'),(24,'Can view session',6,'view_session'),(25,'Can add vegetables',7,'add_vegetables'),(26,'Can change vegetables',7,'change_vegetables'),(27,'Can delete vegetables',7,'delete_vegetables'),(28,'Can view vegetables',7,'view_vegetables'),(29,'Can add tomato',8,'add_tomato'),(30,'Can change tomato',8,'change_tomato'),(31,'Can delete tomato',8,'delete_tomato'),(32,'Can view tomato',8,'view_tomato'),(33,'Can add Цветы',9,'add_flowers'),(34,'Can change Цветы',9,'change_flowers'),(35,'Can delete Цветы',9,'delete_flowers'),(36,'Can view Цветы',9,'view_flowers'),(37,'Can add flowers_sorts',10,'add_flowers_sorts'),(38,'Can change flowers_sorts',10,'change_flowers_sorts'),(39,'Can delete flowers_sorts',10,'delete_flowers_sorts'),(40,'Can view flowers_sorts',10,'view_flowers_sorts'),(41,'Can add Сорта баклажанов',11,'add_baklajan'),(42,'Can change Сорта баклажанов',11,'change_baklajan'),(43,'Can delete Сорта баклажанов',11,'delete_baklajan'),(44,'Can view Сорта баклажанов',11,'view_baklajan'),(45,'Can add Сорта капусты',12,'add_kapusta'),(46,'Can change Сорта капусты',12,'change_kapusta'),(47,'Can delete Сорта капусты',12,'delete_kapusta'),(48,'Can view Сорта капусты',12,'view_kapusta'),(49,'Can add Сорта свеклы',13,'add_svekla'),(50,'Can change Сорта свеклы',13,'change_svekla'),(51,'Can delete Сорта свеклы',13,'delete_svekla'),(52,'Can view Сорта свеклы',13,'view_svekla'),(53,'Can add Сорта огурцов',14,'add_cucumber'),(54,'Can change Сорта огурцов',14,'change_cucumber'),(55,'Can delete Сорта огурцов',14,'delete_cucumber'),(56,'Can view Сорта огурцов',14,'view_cucumber'),(57,'Can add Сорта редиса',15,'add_redis'),(58,'Can change Сорта редиса',15,'change_redis'),(59,'Can delete Сорта редиса',15,'delete_redis'),(60,'Can view Сорта редиса',15,'view_redis'),(61,'Can add Сорта моркови',16,'add_morkov'),(62,'Can change Сорта моркови',16,'change_morkov'),(63,'Can delete Сорта моркови',16,'delete_morkov'),(64,'Can view Сорта моркови',16,'view_morkov'),(65,'Can add Сорта перцев',17,'add_perets'),(66,'Can change Сорта перцев',17,'change_perets'),(67,'Can delete Сорта перцев',17,'delete_perets'),(68,'Can view Сорта перцев',17,'view_perets'),(69,'Can add Комментарии и отзывы',18,'add_comments'),(70,'Can change Комментарии и отзывы',18,'change_comments'),(71,'Can delete Комментарии и отзывы',18,'delete_comments'),(72,'Can view Комментарии и отзывы',18,'view_comments');
/*!40000 ALTER TABLE `auth_permission` ENABLE KEYS */;
UNLOCK TABLES;

--
-- Table structure for table `auth_user`
--

DROP TABLE IF EXISTS `auth_user`;
/*!40101 SET @saved_cs_client     = @@character_set_client */;
/*!40101 SET character_set_client = utf8 */;
CREATE TABLE `auth_user` (
  `id` int(11) NOT NULL AUTO_INCREMENT,
  `password` varchar(128) NOT NULL,
  `last_login` datetime(6) DEFAULT NULL,
  `is_superuser` tinyint(1) NOT NULL,
  `username` varchar(150) NOT NULL,
  `first_name` varchar(150) NOT NULL,
  `last_name` varchar(150) NOT NULL,
  `email` varchar(254) NOT NULL,
  `is_staff` tinyint(1) NOT NULL,
  `is_active` tinyint(1) NOT NULL,
  `date_joined` datetime(6) NOT NULL,
  PRIMARY KEY (`id`),
  UNIQUE KEY `username` (`username`)
) ENGINE=InnoDB AUTO_INCREMENT=3 DEFAULT CHARSET=utf8mb4 COLLATE=utf8mb4_general_ci;
/*!40101 SET character_set_client = @saved_cs_client */;

--
-- Dumping data for table `auth_user`
--

LOCK TABLES `auth_user` WRITE;
/*!40000 ALTER TABLE `auth_user` DISABLE KEYS */;
INSERT INTO `auth_user` VALUES (1,'pbkdf2_sha256$320000$WqjJJ7yyqC8L5swQIEAfXX$7U+y3ay8qPOtuYwptWO/nIYJXo6yyOaU1lMDJE0gP6M=','2022-04-11 02:18:07.224438',1,'gek','','','',1,1,'2021-12-23 08:04:52.725945'),(2,'pbkdf2_sha256$320000$u8vFOuiPdSqsHTn6DtcYgC$aWXIpwq16i7Qk6WAjDny7XKQ+OmVMP95EG+LAwXFJUA=','2022-10-21 23:25:55.268343',1,'ls','','','',1,1,'2022-05-20 14:00:37.898493');
/*!40000 ALTER TABLE `auth_user` ENABLE KEYS */;
UNLOCK TABLES;

--
-- Table structure for table `auth_user_groups`
--

DROP TABLE IF EXISTS `auth_user_groups`;
/*!40101 SET @saved_cs_client     = @@character_set_client */;
/*!40101 SET character_set_client = utf8 */;
CREATE TABLE `auth_user_groups` (
  `id` bigint(20) NOT NULL AUTO_INCREMENT,
  `user_id` int(11) NOT NULL,
  `group_id` int(11) NOT NULL,
  PRIMARY KEY (`id`),
  UNIQUE KEY `auth_user_groups_user_id_group_id_94350c0c_uniq` (`user_id`,`group_id`),
  KEY `auth_user_groups_group_id_97559544_fk_auth_group_id` (`group_id`),
  CONSTRAINT `auth_user_groups_group_id_97559544_fk_auth_group_id` FOREIGN KEY (`group_id`) REFERENCES `auth_group` (`id`),
  CONSTRAINT `auth_user_groups_user_id_6a12ed8b_fk_auth_user_id` FOREIGN KEY (`user_id`) REFERENCES `auth_user` (`id`)
) ENGINE=InnoDB DEFAULT CHARSET=utf8mb4 COLLATE=utf8mb4_general_ci;
/*!40101 SET character_set_client = @saved_cs_client */;

--
-- Dumping data for table `auth_user_groups`
--

LOCK TABLES `auth_user_groups` WRITE;
/*!40000 ALTER TABLE `auth_user_groups` DISABLE KEYS */;
/*!40000 ALTER TABLE `auth_user_groups` ENABLE KEYS */;
UNLOCK TABLES;

--
-- Table structure for table `auth_user_user_permissions`
--

DROP TABLE IF EXISTS `auth_user_user_permissions`;
/*!40101 SET @saved_cs_client     = @@character_set_client */;
/*!40101 SET character_set_client = utf8 */;
CREATE TABLE `auth_user_user_permissions` (
  `id` bigint(20) NOT NULL AUTO_INCREMENT,
  `user_id` int(11) NOT NULL,
  `permission_id` int(11) NOT NULL,
  PRIMARY KEY (`id`),
  UNIQUE KEY `auth_user_user_permissions_user_id_permission_id_14a6b632_uniq` (`user_id`,`permission_id`),
  KEY `auth_user_user_permi_permission_id_1fbb5f2c_fk_auth_perm` (`permission_id`),
  CONSTRAINT `auth_user_user_permi_permission_id_1fbb5f2c_fk_auth_perm` FOREIGN KEY (`permission_id`) REFERENCES `auth_permission` (`id`),
  CONSTRAINT `auth_user_user_permissions_user_id_a95ead1b_fk_auth_user_id` FOREIGN KEY (`user_id`) REFERENCES `auth_user` (`id`)
) ENGINE=InnoDB DEFAULT CHARSET=utf8mb4 COLLATE=utf8mb4_general_ci;
/*!40101 SET character_set_client = @saved_cs_client */;

--
-- Dumping data for table `auth_user_user_permissions`
--

LOCK TABLES `auth_user_user_permissions` WRITE;
/*!40000 ALTER TABLE `auth_user_user_permissions` DISABLE KEYS */;
/*!40000 ALTER TABLE `auth_user_user_permissions` ENABLE KEYS */;
UNLOCK TABLES;

--
-- Table structure for table `django_admin_log`
--

DROP TABLE IF EXISTS `django_admin_log`;
/*!40101 SET @saved_cs_client     = @@character_set_client */;
/*!40101 SET character_set_client = utf8 */;
CREATE TABLE `django_admin_log` (
  `id` int(11) NOT NULL AUTO_INCREMENT,
  `action_time` datetime(6) NOT NULL,
  `object_id` longtext DEFAULT NULL,
  `object_repr` varchar(200) NOT NULL,
  `action_flag` smallint(5) unsigned NOT NULL CHECK (`action_flag` >= 0),
  `change_message` longtext NOT NULL,
  `content_type_id` int(11) DEFAULT NULL,
  `user_id` int(11) NOT NULL,
  PRIMARY KEY (`id`),
  KEY `django_admin_log_content_type_id_c4bce8eb_fk_django_co` (`content_type_id`),
  KEY `django_admin_log_user_id_c564eba6_fk_auth_user_id` (`user_id`),
  CONSTRAINT `django_admin_log_content_type_id_c4bce8eb_fk_django_co` FOREIGN KEY (`content_type_id`) REFERENCES `django_content_type` (`id`),
  CONSTRAINT `django_admin_log_user_id_c564eba6_fk_auth_user_id` FOREIGN KEY (`user_id`) REFERENCES `auth_user` (`id`)
) ENGINE=InnoDB AUTO_INCREMENT=264 DEFAULT CHARSET=utf8mb4 COLLATE=utf8mb4_general_ci;
/*!40101 SET character_set_client = @saved_cs_client */;

--
-- Dumping data for table `django_admin_log`
--

LOCK TABLES `django_admin_log` WRITE;
/*!40000 ALTER TABLE `django_admin_log` DISABLE KEYS */;
INSERT INTO `django_admin_log` VALUES (1,'2021-12-23 08:17:21.619640','1','Vegetables object (1)',1,'[{\"added\": {}}]',7,1),(2,'2021-12-24 00:42:11.346009','1','Томат ХАЙПИЛ 108 F1',1,'[{\"added\": {}}]',8,1),(3,'2021-12-24 00:43:18.630880','2','Томат ЖИГОЛО',1,'[{\"added\": {}}]',8,1),(4,'2021-12-24 00:45:36.492023','2','Томат ЖИГОЛО',2,'[{\"changed\": {\"fields\": [\"\\u0426\\u0432\\u0435\\u0442 \\u043f\\u043b\\u043e\\u0434\\u0430\"]}}]',8,1),(5,'2021-12-24 01:35:42.746291','2','Перец',1,'[{\"added\": {}}]',7,1),(6,'2021-12-25 14:08:43.244717','1','Томаты',2,'[{\"changed\": {\"fields\": [\"Image\"]}}]',7,1),(7,'2021-12-25 14:09:00.205338','1','Томаты',2,'[{\"changed\": {\"fields\": [\"Image\"]}}]',7,1),(8,'2021-12-25 14:10:02.940648','2','Перец',2,'[{\"changed\": {\"fields\": [\"Image\"]}}]',7,1),(9,'2021-12-25 14:10:43.652101','2','Перец',2,'[{\"changed\": {\"fields\": [\"Image\"]}}]',7,1),(10,'2021-12-25 14:22:22.133911','1','Томаты',2,'[{\"changed\": {\"fields\": [\"Image\"]}}]',7,1),(11,'2021-12-25 14:22:27.673741','2','Перец',2,'[{\"changed\": {\"fields\": [\"Image\"]}}]',7,1),(12,'2021-12-25 14:22:37.212758','2','Перец',2,'[{\"changed\": {\"fields\": [\"Image\"]}}]',7,1),(13,'2021-12-25 14:22:50.023524','1','Томаты',2,'[{\"changed\": {\"fields\": [\"Image\"]}}]',7,1),(14,'2021-12-27 03:45:12.860145','2','Однолетние',1,'[{\"added\": {}}]',9,1),(15,'2021-12-27 03:45:45.884804','3','Многолетние',1,'[{\"added\": {}}]',9,1),(16,'2021-12-27 04:09:40.095450','2','Томат ЖИГОЛО',2,'[{\"changed\": {\"fields\": [\"\\u0426\\u0432\\u0435\\u0442 \\u043f\\u043b\\u043e\\u0434\\u0430\"]}}]',8,1),(17,'2021-12-27 04:09:48.278965','2','Томат ЖИГОЛО',2,'[{\"changed\": {\"fields\": [\"Image\"]}}]',8,1),(18,'2021-12-27 04:57:44.782176','2','Перцы',2,'[{\"changed\": {\"fields\": [\"\\u041a\\u0443\\u043b\\u044c\\u0442\\u0443\\u0440\\u0430\"]}}]',7,1),(19,'2021-12-27 06:44:46.511791','3','Капуста',1,'[{\"added\": {}}]',7,1),(20,'2021-12-27 06:49:24.107428','3','Капуста',2,'[{\"changed\": {\"fields\": [\"Image\"]}}]',7,1),(21,'2021-12-27 08:10:52.322496','1','РИНДА F1',1,'[{\"added\": {}}]',12,1),(22,'2021-12-27 08:18:18.157925','2','УАЙТЭКСЕЛ F1',1,'[{\"added\": {}}]',12,1),(23,'2021-12-27 08:22:07.019314','3','ГРИН  МЭДЖИК  F1',1,'[{\"added\": {}}]',12,1),(24,'2021-12-27 08:23:04.668157','3','ГРИН  МЭДЖИК  F1',2,'[{\"changed\": {\"fields\": [\"\\u041d\\u0430\\u0437\\u043d\\u0430\\u0447\\u0435\\u043d\\u0438\\u0435\"]}}]',12,1),(25,'2021-12-28 05:53:49.268758','1','РИНДА F1',2,'[]',12,1),(26,'2021-12-28 05:54:58.817367','4','test',1,'[{\"added\": {}}]',12,1),(27,'2021-12-28 05:58:28.767584','4','test',2,'[]',12,1),(28,'2021-12-28 06:00:27.428560','4','test',2,'[]',12,1),(29,'2021-12-28 06:01:48.399827','4','test',2,'[]',12,1),(30,'2021-12-28 06:02:45.844598','5','1',1,'[{\"added\": {}}]',12,1),(31,'2021-12-28 06:03:12.432898','5','1',2,'[]',12,1),(32,'2021-12-28 06:04:49.985706','5','1',3,'',12,1),(33,'2021-12-28 06:05:04.279699','1','РИНДА F1',2,'[]',12,1),(34,'2021-12-28 06:11:06.330848','4','test',3,'',12,1),(35,'2021-12-28 06:11:14.218997','3','ГРИН  МЭДЖИК  F1',2,'[]',12,1),(36,'2021-12-28 06:11:24.942912','2','УАЙТЭКСЕЛ F1',2,'[]',12,1),(37,'2021-12-28 06:11:39.528978','1','РИНДА F1',2,'[{\"changed\": {\"fields\": [\"\\u0412\\u0438\\u0434 \\u043a\\u0430\\u043f\\u0443\\u0441\\u0442\\u044b\"]}}]',12,1),(38,'2021-12-28 06:13:18.070996','1','РИНДА F1',2,'[{\"changed\": {\"fields\": [\"\\u0412\\u0438\\u0434 \\u043a\\u0430\\u043f\\u0443\\u0441\\u0442\\u044b\"]}}]',12,1),(39,'2021-12-28 12:07:32.403769','6','МАНОКО F1',1,'[{\"added\": {}}]',12,1),(40,'2021-12-28 12:07:39.561635','6','МАНОКО F1',2,'[]',12,1),(41,'2021-12-29 08:46:01.380122','7','МЕГАТОН F1',1,'[{\"added\": {}}]',12,1),(42,'2021-12-29 08:50:01.178786','8','АГРЕССОР F1',1,'[{\"added\": {}}]',12,1),(43,'2021-12-29 08:50:07.196122','8','АГРЕССОР F1',2,'[]',12,1),(44,'2021-12-29 10:09:29.402719','2','Томат ЖИГОЛО',2,'[{\"changed\": {\"fields\": [\"\\u0421\\u043e\\u0440\\u0442\\u043d\\u043e\\u0441\\u0442\\u044c\"]}}]',8,1),(45,'2021-12-29 10:30:36.999428','2','Томат ЖИГОЛО',2,'[]',8,1),(46,'2021-12-29 10:30:53.438123','2','Томат ЖИГОЛО',2,'[]',8,1),(47,'2021-12-29 10:31:05.260373','2','Томат ЖИГОЛО',2,'[]',8,1),(48,'2021-12-29 10:31:26.525669','2','ЖИГОЛО',2,'[{\"changed\": {\"fields\": [\"\\u0421\\u043e\\u0440\\u0442\"]}}]',8,1),(49,'2021-12-29 10:31:42.046498','1','ХАЙПИЛ 108 F1',2,'[{\"changed\": {\"fields\": [\"\\u0421\\u043e\\u0440\\u0442\"]}}]',8,1),(50,'2021-12-30 00:57:09.711047','3','БЕРБЕРАНА F1',1,'[{\"added\": {}}]',8,1),(51,'2021-12-30 01:02:05.441342','1','ХАЙПИЛ 108 F1',2,'[{\"changed\": {\"fields\": [\"Image\"]}}]',8,1),(52,'2021-12-30 01:02:27.154647','1','ХАЙПИЛ 108 F1',2,'[{\"changed\": {\"fields\": [\"Image\"]}}]',8,1),(53,'2021-12-30 01:02:51.656158','2','ЖИГОЛО',2,'[{\"changed\": {\"fields\": [\"Image\"]}}]',8,1),(54,'2021-12-30 01:31:55.938259','1','ДЖИПСИ F1',1,'[{\"added\": {}}]',17,1),(55,'2021-12-30 01:35:24.621244','2','ШАКИРА F1',1,'[{\"added\": {}}]',17,1),(56,'2021-12-30 01:54:49.611255','4','Баклажаны',1,'[{\"added\": {}}]',7,1),(57,'2021-12-30 02:03:54.526366','1','КАРАТАЯ F1',1,'[{\"added\": {}}]',11,1),(58,'2021-12-30 02:08:07.707300','2','ДЕСТАН F1',1,'[{\"added\": {}}]',11,1),(59,'2022-01-04 00:56:33.903153','1','ХАЙПИЛ 108 F1',2,'[{\"changed\": {\"fields\": [\"\\u0421\\u043e\\u0440\\u0442\\u043d\\u043e\\u0441\\u0442\\u044c\"]}}]',8,1),(60,'2022-01-05 03:36:12.526571','2','ЖИГОЛО',2,'[{\"changed\": {\"fields\": [\"Likes\"]}}]',8,1),(61,'2022-01-05 03:41:32.967427','2','ДЕСТАН F1',2,'[{\"changed\": {\"fields\": [\"Likes\"]}}]',11,1),(62,'2022-01-05 03:54:19.504512','2','ДЕСТАН F1',2,'[{\"changed\": {\"fields\": [\"Likes\"]}}]',11,1),(63,'2022-01-15 07:19:22.283593','4','САРРА F1',1,'[{\"added\": {}}]',8,1),(64,'2022-01-18 04:46:11.276886','4','САРРА F1',2,'[{\"changed\": {\"fields\": [\"\\u0421\\u0440\\u043e\\u043a \\u0441\\u043e\\u0437\\u0440\\u0435\\u0432\\u0430\\u043d\\u0438\\u044f\"]}}]',8,1),(65,'2022-01-18 04:46:36.821187','1','ХАЙПИЛ 108 F1',2,'[{\"changed\": {\"fields\": [\"\\u0421\\u0440\\u043e\\u043a \\u0441\\u043e\\u0437\\u0440\\u0435\\u0432\\u0430\\u043d\\u0438\\u044f\"]}}]',8,1),(66,'2022-01-18 05:57:46.427419','1','ХАЙПИЛ 108 F1',2,'[{\"changed\": {\"fields\": [\"\\u0421\\u043f\\u043e\\u0441\\u043e\\u0431 \\u0432\\u044b\\u0440\\u0430\\u0449\\u0438\\u0432\\u0430\\u043d\\u0438\\u044f\"]}}]',8,1),(67,'2022-01-18 06:02:16.900382','1','ХАЙПИЛ 108 F1',2,'[{\"changed\": {\"fields\": [\"\\u0424\\u043e\\u0440\\u043c\\u0430 \\u043f\\u043b\\u043e\\u0434\\u0430\"]}}]',8,1),(68,'2022-01-18 06:02:32.148730','2','ЖИГОЛО',2,'[{\"changed\": {\"fields\": [\"\\u0424\\u043e\\u0440\\u043c\\u0430 \\u043f\\u043b\\u043e\\u0434\\u0430\"]}}]',8,1),(69,'2022-01-18 06:02:48.867488','4','САРРА F1',2,'[{\"changed\": {\"fields\": [\"\\u0424\\u043e\\u0440\\u043c\\u0430 \\u043f\\u043b\\u043e\\u0434\\u0430\"]}}]',8,1),(70,'2022-01-18 06:03:04.974670','1','ХАЙПИЛ 108 F1',2,'[{\"changed\": {\"fields\": [\"\\u0420\\u0430\\u0437\\u043c\\u0435\\u0440 \\u043f\\u043b\\u043e\\u0434\\u0430\"]}}]',8,1),(71,'2022-01-18 06:03:15.554401','4','САРРА F1',2,'[{\"changed\": {\"fields\": [\"\\u0420\\u0430\\u0437\\u043c\\u0435\\u0440 \\u043f\\u043b\\u043e\\u0434\\u0430\"]}}]',8,1),(72,'2022-01-18 06:04:32.752126','4','САРРА F1',2,'[{\"changed\": {\"fields\": [\"\\u0426\\u0432\\u0435\\u0442 \\u043f\\u043b\\u043e\\u0434\\u0430\"]}}]',8,1),(73,'2022-01-18 06:05:42.729725','1','ХАЙПИЛ 108 F1',2,'[{\"changed\": {\"fields\": [\"\\u041d\\u0430\\u0437\\u043d\\u0430\\u0447\\u0435\\u043d\\u0438\\u0435\"]}}]',8,1),(74,'2022-01-18 06:05:53.897963','4','САРРА F1',2,'[{\"changed\": {\"fields\": [\"\\u041d\\u0430\\u0437\\u043d\\u0430\\u0447\\u0435\\u043d\\u0438\\u0435\"]}}]',8,1),(75,'2022-01-19 08:29:36.437277','4','Томат САРРА F1',2,'[{\"changed\": {\"fields\": [\"\\u0421\\u043e\\u0440\\u0442\"]}}]',8,1),(76,'2022-01-19 08:29:43.175363','3','Томат БЕРБЕРАНА F1',2,'[{\"changed\": {\"fields\": [\"\\u0421\\u043e\\u0440\\u0442\"]}}]',8,1),(77,'2022-01-19 08:29:50.677669','2','Томат ЖИГОЛО',2,'[{\"changed\": {\"fields\": [\"\\u0421\\u043e\\u0440\\u0442\"]}}]',8,1),(78,'2022-01-19 08:29:59.196757','1','Томат ХАЙПИЛ 108 F1',2,'[{\"changed\": {\"fields\": [\"\\u0421\\u043e\\u0440\\u0442\"]}}]',8,1),(79,'2022-01-19 08:35:35.967517','2','Баклажан ДЕСТАН F1',2,'[{\"changed\": {\"fields\": [\"\\u0421\\u043e\\u0440\\u0442\"]}}]',11,1),(80,'2022-01-19 08:35:41.932780','1','Баклажан КАРАТАЯ F1',2,'[{\"changed\": {\"fields\": [\"\\u0421\\u043e\\u0440\\u0442\"]}}]',11,1),(81,'2022-01-25 01:17:47.054037','1','РИНДА F1',2,'[]',12,1),(82,'2022-01-25 01:17:54.157565','7','МЕГАТОН F1',2,'[]',12,1),(83,'2022-01-25 01:18:00.473828','6','МАНОКО F1',2,'[]',12,1),(84,'2022-01-25 01:18:06.504703','3','ГРИН  МЭДЖИК  F1',2,'[]',12,1),(85,'2022-01-25 01:18:12.226469','2','УАЙТЭКСЕЛ F1',2,'[]',12,1),(86,'2022-01-25 01:18:17.364857','1','РИНДА F1',2,'[]',12,1),(87,'2022-01-25 01:24:09.026201','2','ШАКИРА F1',2,'[{\"changed\": {\"fields\": [\"\\u0412\\u0438\\u0434 \\u043f\\u0435\\u0440\\u0446\\u0430\", \"\\u0422\\u0438\\u043f \\u043a\\u0443\\u0441\\u0442\\u0430\"]}}]',17,1),(88,'2022-01-25 01:24:18.812448','1','ДЖИПСИ F1',2,'[{\"changed\": {\"fields\": [\"\\u0412\\u0438\\u0434 \\u043f\\u0435\\u0440\\u0446\\u0430\", \"\\u0422\\u0438\\u043f \\u043a\\u0443\\u0441\\u0442\\u0430\"]}}]',17,1),(89,'2022-01-25 02:09:22.519095','4','Томат САРРА F1',2,'[{\"changed\": {\"fields\": [\"\\u0422\\u0438\\u043f \\u043a\\u0443\\u0441\\u0442\\u0430\"]}}]',8,1),(90,'2022-01-25 02:10:43.776942','4','Томат САРРА F1',2,'[]',8,1),(91,'2022-01-25 02:11:04.095643','3','Томат БЕРБЕРАНА F1',2,'[{\"changed\": {\"fields\": [\"\\u0422\\u0438\\u043f \\u043a\\u0443\\u0441\\u0442\\u0430\"]}}]',8,1),(92,'2022-01-25 02:11:25.275601','2','Томат ЖИГОЛО',2,'[{\"changed\": {\"fields\": [\"\\u0422\\u0438\\u043f \\u043a\\u0443\\u0441\\u0442\\u0430\"]}}]',8,1),(93,'2022-01-25 02:11:36.765469','1','Томат ХАЙПИЛ 108 F1',2,'[{\"changed\": {\"fields\": [\"\\u0422\\u0438\\u043f \\u043a\\u0443\\u0441\\u0442\\u0430\"]}}]',8,1),(94,'2022-01-29 09:11:37.519163','2','Перец ШАКИРА F1',2,'[{\"changed\": {\"fields\": [\"\\u0421\\u043e\\u0440\\u0442\"]}}]',17,1),(95,'2022-01-29 09:11:46.738939','1','Перец ДЖИПСИ F1',2,'[{\"changed\": {\"fields\": [\"\\u0421\\u043e\\u0440\\u0442\"]}}]',17,1),(96,'2022-01-30 01:48:46.570758','8','Капуста АГРЕССОР F1',2,'[{\"changed\": {\"fields\": [\"\\u0421\\u043e\\u0440\\u0442\"]}}]',12,1),(97,'2022-01-30 01:48:56.010013','7','Капуста МЕГАТОН F1',2,'[{\"changed\": {\"fields\": [\"\\u0421\\u043e\\u0440\\u0442\"]}}]',12,1),(98,'2022-01-30 01:49:04.906711','6','Капуста МАНОКО F1',2,'[{\"changed\": {\"fields\": [\"\\u0421\\u043e\\u0440\\u0442\"]}}]',12,1),(99,'2022-01-30 01:49:14.898584','3','Капуста ГРИН  МЭДЖИК  F1',2,'[{\"changed\": {\"fields\": [\"\\u0421\\u043e\\u0440\\u0442\"]}}]',12,1),(100,'2022-01-30 01:49:25.255463','2','Капуста УАЙТЭКСЕЛ F1',2,'[{\"changed\": {\"fields\": [\"\\u0421\\u043e\\u0440\\u0442\"]}}]',12,1),(101,'2022-01-30 01:49:35.149320','1','Капуста РИНДА F1',2,'[{\"changed\": {\"fields\": [\"\\u0421\\u043e\\u0440\\u0442\"]}}]',12,1),(102,'2022-01-30 03:11:02.768737','5','Свекла',1,'[{\"added\": {}}]',7,1),(103,'2022-01-30 03:15:03.978586','1','Свекла КЕСТРЕЛ F1',1,'[{\"added\": {}}]',13,1),(104,'2022-01-30 03:42:38.489861','6','Морковь',1,'[{\"added\": {}}]',7,1),(105,'2022-01-30 03:47:46.724867','1','Морковь БАЛТИМОР  F1',1,'[{\"added\": {}}]',16,1),(106,'2022-01-30 04:32:43.727530','7','Редис',1,'[{\"added\": {}}]',7,1),(107,'2022-01-30 04:35:59.914116','1','Редис ЧЕРРИЭТ F1',1,'[{\"added\": {}}]',15,1),(108,'2022-01-30 04:53:57.345922','8','Огурцы',1,'[{\"added\": {}}]',7,1),(109,'2022-01-30 04:56:58.939110','1','Огурец МЕРЕНГА F1',1,'[{\"added\": {}}]',14,1),(110,'2022-01-30 05:01:08.091371','1','Огурец МЕРЕНГА F1',2,'[]',14,1),(111,'2022-02-02 01:40:11.260720','4','Томат САРРА F1',2,'[]',8,1),(112,'2022-02-02 01:40:19.377033','4','Томат САРРА F1',2,'[]',8,1),(113,'2022-02-02 01:40:29.588966','3','Томат БЕРБЕРАНА F1',2,'[]',8,1),(114,'2022-02-02 01:40:44.196062','3','Томат БЕРБЕРАНА F1',2,'[{\"changed\": {\"fields\": [\"\\u0422\\u0438\\u043f \\u043a\\u0443\\u0441\\u0442\\u0430 (\\u043e\\u043f\\u0438\\u0441\\u0430\\u043d\\u0438\\u0435)\"]}}]',8,1),(115,'2022-02-02 01:40:50.420951','3','Томат БЕРБЕРАНА F1',2,'[]',8,1),(116,'2022-02-02 01:40:58.364638','2','Томат ЖИГОЛО',2,'[]',8,1),(117,'2022-02-02 01:41:05.493335','1','Томат ХАЙПИЛ 108 F1',2,'[]',8,1),(118,'2022-02-02 01:41:14.546980','2','Томат ЖИГОЛО',2,'[]',8,1),(119,'2022-02-02 04:21:11.832042','8','Капуста АГРЕССОР F1',2,'[]',12,1),(120,'2022-02-02 06:10:12.352857','8','Капуста АГРЕССОР F1',2,'[]',12,1),(121,'2022-02-02 06:10:18.383190','7','Капуста МЕГАТОН F1',2,'[]',12,1),(122,'2022-02-02 06:10:24.365391','6','Капуста МАНОКО F1',2,'[]',12,1),(123,'2022-02-02 06:10:31.738500','6','Капуста МАНОКО F1',2,'[]',12,1),(124,'2022-02-02 06:10:37.049575','3','Капуста ГРИН  МЭДЖИК  F1',2,'[]',12,1),(125,'2022-02-02 06:10:42.449887','2','Капуста УАЙТЭКСЕЛ F1',2,'[]',12,1),(126,'2022-02-02 06:10:47.659781','1','Капуста РИНДА F1',2,'[]',12,1),(127,'2022-02-02 06:11:43.545606','1','Огурец МЕРЕНГА F1',2,'[]',14,1),(128,'2022-02-02 06:12:16.569872','2','Перец ШАКИРА F1',2,'[]',17,1),(129,'2022-02-02 06:12:22.298834','1','Перец ДЖИПСИ F1',2,'[]',17,1),(130,'2022-02-02 11:33:24.053676','1','Огурец МЕРЕНГА F1',2,'[{\"changed\": {\"fields\": [\"\\u0422\\u0438\\u043f \\u043e\\u043f\\u044b\\u043b\\u0435\\u043d\\u0438\\u044f\"]}}]',14,1),(131,'2022-02-02 11:33:37.199254','1','Огурец МЕРЕНГА F1',2,'[{\"changed\": {\"fields\": [\"\\u0422\\u0438\\u043f \\u043e\\u043f\\u044b\\u043b\\u0435\\u043d\\u0438\\u044f\"]}}]',14,1),(132,'2022-02-23 05:10:19.744207','1','Паша email: sib-up@mail.ru комментарий к Баклажан КАРАТАЯ F1 2022-02-23 05:02',3,'',18,1),(133,'2022-02-23 12:18:26.261912','2','Паша email: sib-up@mail.ru комментарий к Баклажан КАРАТАЯ F1 2022-02-23 13:13',2,'[{\"changed\": {\"fields\": [\"\\u041e\\u0434\\u043e\\u0431\\u0440\\u0435\\u043d\\u043e\"]}}]',18,1),(134,'2022-02-23 12:18:45.260807','2','Паша email: sib-up@mail.ru комментарий к Баклажан КАРАТАЯ F1 2022-02-23 13:13',2,'[{\"changed\": {\"fields\": [\"\\u041e\\u0434\\u043e\\u0431\\u0440\\u0435\\u043d\\u043e\"]}}]',18,1),(135,'2022-02-23 13:12:16.100776','3','Паша email: sib-up@mail.ru комментарий к Баклажан КАРАТАЯ F1 2022-02-23 20:19',2,'[{\"changed\": {\"fields\": [\"\\u041e\\u0434\\u043e\\u0431\\u0440\\u0435\\u043d\\u043e\"]}}]',18,1),(136,'2022-02-23 13:15:30.888000','2','Паша email: sib-up@mail.ru комментарий к Баклажан КАРАТАЯ F1 2022-02-23 13:13',2,'[{\"changed\": {\"fields\": [\"\\u041e\\u0434\\u043e\\u0431\\u0440\\u0435\\u043d\\u043e\"]}}]',18,1),(137,'2022-02-23 13:18:50.474290','4','Паша email: sib-up@mail.ru комментарий к Томат БЕРБЕРАНА F1 2022-02-23 21:17',2,'[{\"changed\": {\"fields\": [\"\\u041e\\u0434\\u043e\\u0431\\u0440\\u0435\\u043d\\u043e\"]}}]',18,1),(138,'2022-02-23 13:44:56.242241','10','Паша email: sib-up@mail.ru комментарий к Баклажан ДЕСТАН F1 2022-02-23 21:44',2,'[{\"changed\": {\"fields\": [\"\\u041e\\u0434\\u043e\\u0431\\u0440\\u0435\\u043d\\u043e\"]}}]',18,1),(139,'2022-02-23 13:45:23.253314','10','Паша email: sib-up@mail.ru комментарий к Баклажан ДЕСТАН F1 2022-02-23 13:44',3,'',18,1),(140,'2022-02-23 13:45:23.255628','9','Паша email: sib-up@mail.ru комментарий к Баклажан ДЕСТАН F1 2022-02-23 13:41',3,'',18,1),(141,'2022-02-23 13:45:23.257346','8','Паша email: sib-up@mail.ru комментарий к Баклажан ДЕСТАН F1 2022-02-23 13:38',3,'',18,1),(142,'2022-02-23 13:45:23.261582','7','Паша email: sib-up@mail.ru комментарий к Баклажан ДЕСТАН F1 2022-02-23 13:36',3,'',18,1),(143,'2022-02-23 13:45:23.263431','6','Паша email: sib-up@mail.ru комментарий к Баклажан ДЕСТАН F1 2022-02-23 13:32',3,'',18,1),(144,'2022-02-23 13:45:23.265255','5','Паша email: sib-up@mail.ru комментарий к Баклажан ДЕСТАН F1 2022-02-23 13:30',3,'',18,1),(145,'2022-02-23 13:45:23.267021','4','Паша email: sib-up@mail.ru комментарий к Томат БЕРБЕРАНА F1 2022-02-23 13:17',3,'',18,1),(146,'2022-02-23 13:45:23.268711','3','Паша email: sib-up@mail.ru комментарий к Баклажан КАРАТАЯ F1 2022-02-23 12:19',3,'',18,1),(147,'2022-02-23 13:45:23.270659','2','Паша email: sib-up@mail.ru комментарий к Баклажан КАРАТАЯ F1 2022-02-23 05:13',3,'',18,1),(148,'2022-02-23 23:19:15.206948','12','Паша email: sib-up@mail.ru комментарий к Баклажан ДЕСТАН F1 2022-02-23 23:18',3,'',18,1),(149,'2022-02-23 23:19:15.210237','11','Паша email: sib-up@mail.ru комментарий к Баклажан КАРАТАЯ F1 2022-02-23 23:17',3,'',18,1),(150,'2022-02-23 23:20:17.578384','13','Паша email: sib-up@mail.ru комментарий к Капуста РИНДА F1 2022-02-24 07:19',2,'[{\"changed\": {\"fields\": [\"\\u041e\\u0434\\u043e\\u0431\\u0440\\u0435\\u043d\\u043e\"]}}]',18,1),(151,'2022-02-23 23:20:52.231648','14','Паша email: sib-up@mail.ru комментарий к Капуста РИНДА F1 2022-02-24 07:20',2,'[{\"changed\": {\"fields\": [\"\\u041e\\u0434\\u043e\\u0431\\u0440\\u0435\\u043d\\u043e\"]}}]',18,1),(152,'2022-02-23 23:21:09.099264','14','Паша email: sib-up@mail.ru комментарий к Капуста РИНДА F1 2022-02-23 23:20',3,'',18,1),(153,'2022-02-23 23:21:09.101959','13','Паша email: sib-up@mail.ru комментарий к Капуста РИНДА F1 2022-02-23 23:19',3,'',18,1),(154,'2022-02-25 09:52:52.212182','1','Морковь БАЛТИМОР F1',2,'[{\"changed\": {\"fields\": [\"\\u0421\\u043e\\u0440\\u0442\"]}}]',16,1),(155,'2022-02-25 10:22:42.527878','15','Никита email: kita2281337@gmail.com комментарий к Томат САРРА F1 2022-02-25 18:21',2,'[{\"changed\": {\"fields\": [\"\\u041e\\u0434\\u043e\\u0431\\u0440\\u0435\\u043d\\u043e\"]}}]',18,1),(156,'2022-02-25 10:24:01.310753','15','Никита email: kita2281337@gmail.com комментарий к Томат САРРА F1 2022-02-25 10:21',3,'',18,1),(157,'2022-02-26 00:45:36.342367','1','Томаты',2,'[{\"changed\": {\"fields\": [\"\\u041e\\u043f\\u0438\\u0441\\u0430\\u043d\\u0438\\u0435\"]}}]',7,1),(158,'2022-02-26 00:56:21.930482','1','Томаты',2,'[{\"changed\": {\"fields\": [\"\\u041e\\u043f\\u0438\\u0441\\u0430\\u043d\\u0438\\u0435\"]}}]',7,1),(159,'2022-02-26 00:58:09.986212','1','Томаты',2,'[{\"changed\": {\"fields\": [\"\\u041e\\u043f\\u0438\\u0441\\u0430\\u043d\\u0438\\u0435\"]}}]',7,1),(160,'2022-02-26 01:00:57.850054','1','Томаты',2,'[]',7,1),(161,'2022-02-26 01:06:34.913175','1','Томаты',2,'[]',7,1),(162,'2022-02-26 01:08:21.742468','1','Томаты',2,'[{\"changed\": {\"fields\": [\"\\u041e\\u043f\\u0438\\u0441\\u0430\\u043d\\u0438\\u0435\"]}}]',7,1),(163,'2022-02-26 01:09:56.081835','1','Томаты',2,'[{\"changed\": {\"fields\": [\"\\u041e\\u043f\\u0438\\u0441\\u0430\\u043d\\u0438\\u0435\"]}}]',7,1),(164,'2022-02-26 01:10:17.658924','1','Томаты',2,'[{\"changed\": {\"fields\": [\"\\u041e\\u043f\\u0438\\u0441\\u0430\\u043d\\u0438\\u0435\"]}}]',7,1),(165,'2022-02-26 01:10:42.167669','1','Томаты',2,'[{\"changed\": {\"fields\": [\"\\u041e\\u043f\\u0438\\u0441\\u0430\\u043d\\u0438\\u0435\"]}}]',7,1),(166,'2022-02-26 01:20:21.818955','1','Томаты',2,'[]',7,1),(167,'2022-02-26 01:39:56.044822','1','Томаты',2,'[]',7,1),(168,'2022-02-26 01:40:10.025985','1','Томаты',2,'[{\"changed\": {\"fields\": [\"\\u041e\\u043f\\u0438\\u0441\\u0430\\u043d\\u0438\\u0435\"]}}]',7,1),(169,'2022-02-26 03:09:48.958729','1','Томаты',2,'[]',7,1),(170,'2022-02-26 03:10:16.364154','1','Томаты',2,'[{\"changed\": {\"fields\": [\"\\u041e\\u043f\\u0438\\u0441\\u0430\\u043d\\u0438\\u0435\"]}}]',7,1),(171,'2022-02-26 03:10:35.565256','1','Томаты',2,'[{\"changed\": {\"fields\": [\"\\u041e\\u043f\\u0438\\u0441\\u0430\\u043d\\u0438\\u0435\"]}}]',7,1),(172,'2022-02-26 03:12:04.899475','1','Томаты',2,'[{\"changed\": {\"fields\": [\"\\u041e\\u043f\\u0438\\u0441\\u0430\\u043d\\u0438\\u0435\"]}}]',7,1),(173,'2022-02-26 03:14:58.531732','1','Томаты',2,'[{\"changed\": {\"fields\": [\"\\u041e\\u043f\\u0438\\u0441\\u0430\\u043d\\u0438\\u0435\"]}}]',7,1),(174,'2022-02-26 03:15:13.498905','1','Томаты',2,'[{\"changed\": {\"fields\": [\"\\u041e\\u043f\\u0438\\u0441\\u0430\\u043d\\u0438\\u0435\"]}}]',7,1),(175,'2022-02-26 03:16:35.299454','1','Томаты',2,'[{\"changed\": {\"fields\": [\"\\u041e\\u043f\\u0438\\u0441\\u0430\\u043d\\u0438\\u0435\"]}}]',7,1),(176,'2022-02-26 03:17:11.975137','1','Томаты',2,'[{\"changed\": {\"fields\": [\"\\u041e\\u043f\\u0438\\u0441\\u0430\\u043d\\u0438\\u0435\"]}}]',7,1),(177,'2022-02-26 03:18:42.980370','1','Томаты',2,'[{\"changed\": {\"fields\": [\"\\u041e\\u043f\\u0438\\u0441\\u0430\\u043d\\u0438\\u0435\"]}}]',7,1),(178,'2022-02-26 03:19:08.284562','1','Томаты',2,'[{\"changed\": {\"fields\": [\"\\u041e\\u043f\\u0438\\u0441\\u0430\\u043d\\u0438\\u0435\"]}}]',7,1),(179,'2022-02-26 03:20:08.602327','1','Томаты',2,'[{\"changed\": {\"fields\": [\"\\u041e\\u043f\\u0438\\u0441\\u0430\\u043d\\u0438\\u0435\"]}}]',7,1),(180,'2022-02-26 03:21:14.576261','1','Томаты',2,'[{\"changed\": {\"fields\": [\"\\u041e\\u043f\\u0438\\u0441\\u0430\\u043d\\u0438\\u0435\"]}}]',7,1),(181,'2022-02-26 03:22:03.814791','1','Томаты',2,'[{\"changed\": {\"fields\": [\"\\u041e\\u043f\\u0438\\u0441\\u0430\\u043d\\u0438\\u0435\"]}}]',7,1),(182,'2022-02-26 03:24:58.931106','1','Томаты',2,'[{\"changed\": {\"fields\": [\"\\u041e\\u043f\\u0438\\u0441\\u0430\\u043d\\u0438\\u0435\"]}}]',7,1),(183,'2022-02-26 03:29:07.300762','1','Томаты',2,'[{\"changed\": {\"fields\": [\"\\u041e\\u043f\\u0438\\u0441\\u0430\\u043d\\u0438\\u0435\"]}}]',7,1),(184,'2022-02-26 03:29:54.273467','1','Томаты',2,'[]',7,1),(185,'2022-02-26 03:31:14.929860','1','Томаты',2,'[{\"changed\": {\"fields\": [\"\\u041e\\u043f\\u0438\\u0441\\u0430\\u043d\\u0438\\u0435\"]}}]',7,1),(186,'2022-02-26 03:33:59.918330','1','Томаты',2,'[]',7,1),(187,'2022-02-26 03:34:51.442563','4','Томат САРРА F1',2,'[{\"changed\": {\"fields\": [\"\\u0422\\u0438\\u043f \\u043a\\u0443\\u0441\\u0442\\u0430 (\\u043e\\u043f\\u0438\\u0441\\u0430\\u043d\\u0438\\u0435)\"]}}]',8,1),(188,'2022-02-26 03:41:18.890185','4','Томат САРРА F1',2,'[]',8,1),(189,'2022-02-26 03:41:28.906309','4','Томат САРРА F1',2,'[]',8,1),(190,'2022-02-26 03:41:37.419747','3','Томат БЕРБЕРАНА F1',2,'[]',8,1),(191,'2022-02-26 03:41:46.309126','2','Томат ЖИГОЛО',2,'[]',8,1),(192,'2022-02-26 03:41:53.615781','1','Томат ХАЙПИЛ 108 F1',2,'[]',8,1),(193,'2022-02-27 01:12:07.439125','1','Огурец МЕРЕНГА F1',3,'',14,1),(194,'2022-02-27 01:29:24.303796','2','Огурец МЕРЕНГА',1,'[{\"added\": {}}]',14,1),(195,'2022-02-27 01:34:09.637895','2','Огурец МЕРЕНГА',2,'[]',14,1),(196,'2022-02-27 01:41:55.045187','2','Огурец МЕРЕНГА',2,'[{\"changed\": {\"fields\": [\"\\u0422\\u0438\\u043f \\u043a\\u0443\\u0441\\u0442\\u0430\"]}}]',14,1),(197,'2022-02-27 01:43:21.892718','2','Огурец МЕРЕНГА',3,'',14,1),(198,'2022-02-27 01:46:25.674427','3','Огурец МЕРЕНГА',1,'[{\"added\": {}}]',14,1),(199,'2022-02-27 01:50:20.029338','8','Огурцы',2,'[{\"changed\": {\"fields\": [\"\\u041e\\u043f\\u0438\\u0441\\u0430\\u043d\\u0438\\u0435\"]}}]',7,1),(200,'2022-02-27 01:52:15.299698','8','Огурцы',2,'[{\"changed\": {\"fields\": [\"\\u041e\\u043f\\u0438\\u0441\\u0430\\u043d\\u0438\\u0435\"]}}]',7,1),(201,'2022-02-27 01:53:13.860635','8','Огурцы',2,'[{\"changed\": {\"fields\": [\"\\u041e\\u043f\\u0438\\u0441\\u0430\\u043d\\u0438\\u0435\"]}}]',7,1),(202,'2022-02-27 01:54:29.552501','8','Огурцы',2,'[{\"changed\": {\"fields\": [\"\\u041e\\u043f\\u0438\\u0441\\u0430\\u043d\\u0438\\u0435\"]}}]',7,1),(203,'2022-02-27 01:57:29.092027','8','Огурцы',2,'[{\"changed\": {\"fields\": [\"\\u041e\\u043f\\u0438\\u0441\\u0430\\u043d\\u0438\\u0435\"]}}]',7,1),(204,'2022-02-27 01:59:02.887862','8','Огурцы',2,'[{\"changed\": {\"fields\": [\"\\u041e\\u043f\\u0438\\u0441\\u0430\\u043d\\u0438\\u0435\"]}}]',7,1),(205,'2022-02-27 02:00:25.619585','8','Огурцы',2,'[{\"changed\": {\"fields\": [\"\\u041e\\u043f\\u0438\\u0441\\u0430\\u043d\\u0438\\u0435\"]}}]',7,1),(206,'2022-02-27 02:04:58.147924','8','Огурцы',2,'[{\"changed\": {\"fields\": [\"\\u041e\\u043f\\u0438\\u0441\\u0430\\u043d\\u0438\\u0435\"]}}]',7,1),(207,'2022-02-27 02:05:33.058177','8','Огурцы',2,'[{\"changed\": {\"fields\": [\"\\u041e\\u043f\\u0438\\u0441\\u0430\\u043d\\u0438\\u0435\"]}}]',7,1),(208,'2022-02-27 02:09:59.643416','8','Огурцы',2,'[{\"changed\": {\"fields\": [\"\\u041e\\u043f\\u0438\\u0441\\u0430\\u043d\\u0438\\u0435\"]}}]',7,1),(209,'2022-02-27 02:10:55.738698','8','Огурцы',2,'[{\"changed\": {\"fields\": [\"\\u041e\\u043f\\u0438\\u0441\\u0430\\u043d\\u0438\\u0435\"]}}]',7,1),(210,'2022-02-27 02:13:25.333158','8','Огурцы',2,'[]',7,1),(211,'2022-04-08 02:57:00.050314','3','Многолетние',3,'',9,1),(212,'2022-04-08 02:57:00.056511','2','Однолетние',3,'',9,1),(213,'2022-04-08 03:15:40.283592','4','Многолетнее',1,'[{\"added\": {}}]',9,1),(214,'2022-04-08 05:10:51.834510','5','Аренария монтана Близзард',1,'[{\"added\": {}}]',9,1),(215,'2022-04-08 05:12:23.202439','6','Армерия приморская Монинг Стар Вайт',1,'[{\"added\": {}}]',9,1),(216,'2022-04-08 05:14:05.570451','7','Аубреция гибридная Одри Дип Блю Шейдес',1,'[{\"added\": {}}]',9,1),(217,'2022-04-08 05:15:29.538854','8','Астра Леди Корал САЛМОН',1,'[{\"added\": {}}]',9,1),(218,'2022-04-11 03:08:03.569813','8','Астра Леди Корал САЛМОН',2,'[]',9,1),(219,'2022-04-11 03:09:09.492698','8','Астра Леди Корал САЛМОН',2,'[]',9,1),(220,'2022-04-11 03:09:24.612786','7','Аубреция гибридная Одри Дип Блю Шейдес',2,'[]',9,1),(221,'2022-04-11 03:09:39.558362','7','Аубреция гибридная Одри Дип Блю Шейдес',2,'[]',9,1),(222,'2022-04-11 03:10:34.055617','7','Аубреция гибридная Одри Дип Блю Шейдес',2,'[]',9,1),(223,'2022-04-11 03:10:39.578363','7','Аубреция гибридная Одри Дип Блю Шейдес',2,'[]',9,1),(224,'2022-04-11 03:12:25.096870','4','Арабис кавказский Литл треже Вайт',2,'[]',9,1),(225,'2022-04-11 03:12:42.753230','5','Аренария монтана Близзард',2,'[]',9,1),(226,'2022-04-11 03:18:01.754665','4','Арабис кавказский Литл треже Вайт',2,'[]',9,1),(227,'2022-04-11 03:22:39.446845','7','Аубреция гибридная Одри Дип Блю Шейдес',2,'[]',9,1),(228,'2022-04-11 03:22:46.334963','6','Армерия приморская Монинг Стар Вайт',2,'[]',9,1),(229,'2022-04-11 03:22:57.870545','5','Аренария монтана Близзард',2,'[]',9,1),(230,'2022-04-11 06:24:06.154339','9','Арабис кавказский Литл треже Дип Роуз',1,'[{\"added\": {}}]',9,1),(231,'2022-04-11 06:24:09.742135','9','Арабис кавказский Литл треже Дип Роуз',2,'[]',9,1),(232,'2022-04-11 06:31:46.061804','4','Арабис кавказский Литл треже Вайт',2,'[{\"changed\": {\"fields\": [\"Image\"]}}]',9,1),(233,'2022-04-11 06:32:26.488197','4','Арабис кавказский Литл треже Вайт',2,'[{\"changed\": {\"fields\": [\"Image\"]}}]',9,1),(234,'2022-04-11 06:33:49.799774','9','Арабис кавказский Литл треже Дип Роуз',3,'',9,1),(235,'2022-04-12 06:58:06.071230','8','Астра Леди Корал САЛМОН',2,'[{\"changed\": {\"fields\": [\"\\u0412\\u0438\\u0434\"]}}]',9,1),(236,'2022-04-12 06:58:12.875335','7','Аубреция гибридная Одри Дип Блю Шейдес',2,'[{\"changed\": {\"fields\": [\"\\u0412\\u0438\\u0434\"]}}]',9,1),(237,'2022-04-12 06:58:20.407643','6','Армерия приморская Монинг Стар Вайт',2,'[{\"changed\": {\"fields\": [\"\\u0412\\u0438\\u0434\"]}}]',9,1),(238,'2022-04-12 06:58:34.606521','5','Аренария монтана Близзард',2,'[{\"changed\": {\"fields\": [\"\\u0412\\u0438\\u0434\"]}}]',9,1),(239,'2022-04-12 06:58:43.998355','4','Арабис кавказский Литл треже Вайт',2,'[{\"changed\": {\"fields\": [\"\\u0412\\u0438\\u0434\"]}}]',9,1),(240,'2022-04-12 07:01:38.331309','8','Астра Леди Корал САЛМОН',2,'[{\"changed\": {\"fields\": [\"Likes\"]}}]',9,1),(241,'2022-04-12 08:38:12.651849','8','Астра Леди Корал САЛМОН',2,'[]',9,1),(242,'2022-04-12 23:45:54.530121','4','Арабис кавказский Литл треже Вайт',2,'[]',9,1),(243,'2022-04-12 23:46:03.312531','5','Аренария монтана Близзард',2,'[]',9,1),(244,'2022-04-12 23:46:07.440992','6','Армерия приморская Монинг Стар Вайт',2,'[]',9,1),(245,'2022-04-12 23:46:11.244467','7','Аубреция гибридная Одри Дип Блю Шейдес',2,'[]',9,1),(246,'2022-05-20 14:01:24.799973','4','Баклажаны',2,'[{\"changed\": {\"fields\": [\"\\u041e\\u043f\\u0438\\u0441\\u0430\\u043d\\u0438\\u0435\"]}}]',7,2),(247,'2022-05-20 14:01:58.510994','6','Морковь',2,'[{\"changed\": {\"fields\": [\"\\u041e\\u043f\\u0438\\u0441\\u0430\\u043d\\u0438\\u0435\"]}}]',7,2),(248,'2022-05-20 14:02:47.171806','2','Перцы',2,'[{\"changed\": {\"fields\": [\"\\u041e\\u043f\\u0438\\u0441\\u0430\\u043d\\u0438\\u0435\"]}}]',7,2),(249,'2022-05-20 14:03:48.901992','2','Перец ШАКИРА F1',2,'[{\"changed\": {\"fields\": [\"\\u0422\\u0438\\u043f \\u043f\\u0435\\u0440\\u0446\\u0435\\u0432 (\\u043e\\u043f\\u0438\\u0441\\u0430\\u043d\\u0438\\u0435)\"]}}]',17,2),(250,'2022-05-20 14:04:44.841154','2','Перец ШАКИРА F1',2,'[]',17,2),(251,'2022-05-20 14:04:50.261365','1','Перец ДЖИПСИ F1',2,'[]',17,2),(252,'2022-05-20 14:06:03.939919','2','Перец ШАКИРА F1',2,'[]',17,2),(253,'2022-05-20 14:06:16.410778','1','Перец ДЖИПСИ F1',2,'[]',17,2),(254,'2022-05-20 14:06:44.417552','7','Редис',2,'[{\"changed\": {\"fields\": [\"\\u041e\\u043f\\u0438\\u0441\\u0430\\u043d\\u0438\\u0435\"]}}]',7,2),(255,'2022-05-20 14:07:07.935583','5','Свекла',2,'[{\"changed\": {\"fields\": [\"\\u041e\\u043f\\u0438\\u0441\\u0430\\u043d\\u0438\\u0435\"]}}]',7,2),(256,'2022-05-20 14:08:02.122863','4','Арабис кавказский Литл треже Вайт',2,'[{\"changed\": {\"fields\": [\"\\u041e\\u043f\\u0438\\u0441\\u0430\\u043d\\u0438\\u0435 \\u0432\\u0438\\u0434\\u0430\"]}}]',9,2),(257,'2022-05-20 14:08:53.726731','4','Арабис кавказский Литл треже Вайт',2,'[]',9,2),(258,'2022-05-20 14:08:57.974240','4','Арабис кавказский Литл треже Вайт',2,'[]',9,2),(259,'2022-05-20 14:09:17.245870','4','Арабис кавказский Литл треже Вайт',2,'[]',9,2),(260,'2022-05-20 14:09:31.111248','5','Аренария монтана Близзард',2,'[]',9,2),(261,'2022-05-20 14:09:41.201323','6','Армерия приморская Монинг Стар Вайт',2,'[]',9,2),(262,'2022-05-20 14:09:52.205122','7','Аубреция гибридная Одри Дип Блю Шейдес',2,'[]',9,2),(263,'2022-05-20 14:10:01.502190','8','Астра Леди Корал САЛМОН',2,'[]',9,2);
/*!40000 ALTER TABLE `django_admin_log` ENABLE KEYS */;
UNLOCK TABLES;

--
-- Table structure for table `django_content_type`
--

DROP TABLE IF EXISTS `django_content_type`;
/*!40101 SET @saved_cs_client     = @@character_set_client */;
/*!40101 SET character_set_client = utf8 */;
CREATE TABLE `django_content_type` (
  `id` int(11) NOT NULL AUTO_INCREMENT,
  `app_label` varchar(100) NOT NULL,
  `model` varchar(100) NOT NULL,
  PRIMARY KEY (`id`),
  UNIQUE KEY `django_content_type_app_label_model_76bd3d3b_uniq` (`app_label`,`model`)
) ENGINE=InnoDB AUTO_INCREMENT=19 DEFAULT CHARSET=utf8mb4 COLLATE=utf8mb4_general_ci;
/*!40101 SET character_set_client = @saved_cs_client */;

--
-- Dumping data for table `django_content_type`
--

LOCK TABLES `django_content_type` WRITE;
/*!40000 ALTER TABLE `django_content_type` DISABLE KEYS */;
INSERT INTO `django_content_type` VALUES (1,'admin','logentry'),(3,'auth','group'),(2,'auth','permission'),(4,'auth','user'),(5,'contenttypes','contenttype'),(11,'ls','baklajan'),(18,'ls','comments'),(14,'ls','cucumber'),(9,'ls','flowers'),(10,'ls','flowers_sorts'),(12,'ls','kapusta'),(16,'ls','morkov'),(17,'ls','perets'),(15,'ls','redis'),(13,'ls','svekla'),(8,'ls','tomato'),(7,'ls','vegetables'),(6,'sessions','session');
/*!40000 ALTER TABLE `django_content_type` ENABLE KEYS */;
UNLOCK TABLES;

--
-- Table structure for table `django_migrations`
--

DROP TABLE IF EXISTS `django_migrations`;
/*!40101 SET @saved_cs_client     = @@character_set_client */;
/*!40101 SET character_set_client = utf8 */;
CREATE TABLE `django_migrations` (
  `id` bigint(20) NOT NULL AUTO_INCREMENT,
  `app` varchar(255) NOT NULL,
  `name` varchar(255) NOT NULL,
  `applied` datetime(6) NOT NULL,
  PRIMARY KEY (`id`)
) ENGINE=InnoDB AUTO_INCREMENT=89 DEFAULT CHARSET=utf8mb4 COLLATE=utf8mb4_general_ci;
/*!40101 SET character_set_client = @saved_cs_client */;

--
-- Dumping data for table `django_migrations`
--

LOCK TABLES `django_migrations` WRITE;
/*!40000 ALTER TABLE `django_migrations` DISABLE KEYS */;
INSERT INTO `django_migrations` VALUES (1,'contenttypes','0001_initial','2021-12-23 08:04:25.774962'),(2,'auth','0001_initial','2021-12-23 08:04:29.876660'),(3,'admin','0001_initial','2021-12-23 08:04:30.844197'),(4,'admin','0002_logentry_remove_auto_add','2021-12-23 08:04:30.896487'),(5,'admin','0003_logentry_add_action_flag_choices','2021-12-23 08:04:30.950089'),(6,'contenttypes','0002_remove_content_type_name','2021-12-23 08:04:31.377880'),(7,'auth','0002_alter_permission_name_max_length','2021-12-23 08:04:31.810852'),(8,'auth','0003_alter_user_email_max_length','2021-12-23 08:04:31.911685'),(9,'auth','0004_alter_user_username_opts','2021-12-23 08:04:31.960303'),(10,'auth','0005_alter_user_last_login_null','2021-12-23 08:04:32.289953'),(11,'auth','0006_require_contenttypes_0002','2021-12-23 08:04:32.300505'),(12,'auth','0007_alter_validators_add_error_messages','2021-12-23 08:04:32.371805'),(13,'auth','0008_alter_user_username_max_length','2021-12-23 08:04:32.478946'),(14,'auth','0009_alter_user_last_name_max_length','2021-12-23 08:04:32.567330'),(15,'auth','0010_alter_group_name_max_length','2021-12-23 08:04:32.712106'),(16,'auth','0011_update_proxy_permissions','2021-12-23 08:04:32.760693'),(17,'auth','0012_alter_user_first_name_max_length','2021-12-23 08:04:32.867379'),(18,'sessions','0001_initial','2021-12-23 08:04:33.111760'),(19,'ls','0001_initial','2021-12-23 08:05:03.762368'),(20,'ls','0002_alter_vegetables_description','2021-12-23 08:20:15.123336'),(21,'ls','0003_tomato','2021-12-23 08:30:16.921601'),(22,'ls','0004_auto_20211223_1639','2021-12-23 08:39:13.617827'),(23,'ls','0005_auto_20211223_1643','2021-12-23 08:43:17.133614'),(24,'ls','0006_tomato_tomato_type','2021-12-23 08:55:05.534012'),(25,'ls','0007_tomato_tomato_color','2021-12-23 08:58:39.312630'),(26,'ls','0008_alter_tomato_tomato_type','2021-12-23 09:01:33.952832'),(27,'ls','0009_auto_20211224_1252','2021-12-24 04:53:04.012377'),(28,'ls','0010_alter_vegetables_image','2021-12-25 14:06:07.579086'),(29,'ls','0011_auto_20211225_2219','2021-12-25 14:19:19.600110'),(30,'ls','0012_tomato_tomato_sort','2021-12-26 00:56:55.468848'),(31,'ls','0013_auto_20211226_0922','2021-12-26 01:22:51.493922'),(32,'ls','0014_auto_20211227_1125','2021-12-27 03:25:45.695359'),(33,'ls','0015_alter_tomato_t_id','2021-12-27 03:35:07.783592'),(34,'ls','0016_flowers_flowers_sorts','2021-12-27 03:36:27.209038'),(35,'ls','0017_alter_flowers_sorts_options','2021-12-27 03:41:32.711170'),(36,'ls','0018_auto_20211227_1206','2021-12-27 04:06:15.149838'),(37,'ls','0019_alter_tomato_tomato_grunt','2021-12-27 04:08:47.041315'),(38,'ls','0020_baklajan_cucumber_kapusta_morkov_perets_redis_svekla','2021-12-27 06:42:44.865047'),(39,'ls','0021_alter_kapusta_t_id','2021-12-27 07:09:01.654064'),(40,'ls','0022_alter_kapusta_goal','2021-12-27 08:22:36.398276'),(41,'ls','0023_kapusta_vids_image','2021-12-28 05:53:04.683420'),(42,'ls','0024_alter_kapusta_vids','2021-12-28 06:10:45.996199'),(43,'ls','0025_auto_20211229_1808','2021-12-29 10:08:53.750800'),(44,'ls','0026_auto_20211230_0923','2021-12-30 01:23:36.594292'),(45,'ls','0027_auto_20211230_0948','2021-12-30 01:48:13.899142'),(46,'ls','0028_auto_20220104_0911','2022-01-04 01:11:38.030430'),(47,'ls','0029_alter_baklajan_form_alter_tomato_form','2022-01-18 06:01:45.683519'),(48,'ls','0030_baklajan_veg_type_tomato_veg_type','2022-01-20 03:15:47.460205'),(49,'ls','0031_baklajan_vids','2022-01-20 03:36:41.879335'),(50,'ls','0032_alter_perets_type_kusta_alter_perets_vids_and_more','2022-01-24 08:08:18.018422'),(51,'ls','0033_kapusta_veg_type_perets_veg_type','2022-01-25 01:14:39.948896'),(52,'ls','0034_rename_opyl_cucumber_vids_cucumber_veg_type_and_more','2022-01-29 07:38:09.052759'),(53,'ls','0035_alter_cucumber_image','2022-01-29 09:06:30.648606'),(54,'ls','0036_alter_perets_color','2022-01-29 09:12:54.013846'),(55,'ls','0037_alter_svekla_name_alter_svekla_t_id_and_more','2022-01-30 03:23:46.164321'),(56,'ls','0038_alter_svekla_name','2022-01-30 03:25:19.115259'),(57,'ls','0039_alter_baklajan_veg_type_alter_cucumber_t_id_and_more','2022-01-30 03:30:48.218325'),(58,'ls','0040_alter_morkov_sort_type','2022-01-30 03:45:12.417614'),(59,'ls','0041_cucumber_vids_image','2022-01-30 05:00:41.032403'),(60,'ls','0042_tomato_vids_description','2022-02-02 01:37:46.790216'),(61,'ls','0043_cucumber_vids_description_perets_vids_description','2022-02-02 04:20:18.976085'),(62,'ls','0044_kapusta_vids_description','2022-02-02 06:09:58.290443'),(63,'ls','0045_alter_cucumber_vids','2022-02-02 11:32:59.955118'),(64,'ls','0046_comments','2022-02-20 08:08:40.154616'),(65,'ls','0047_comments_approved_comments_pub_date','2022-02-20 08:50:36.704733'),(66,'ls','0048_rename_comments_usercomments','2022-02-20 08:50:36.709012'),(67,'ls','0049_delete_usercomments','2022-02-20 08:50:36.712383'),(68,'ls','0050_comments','2022-02-20 08:51:05.851066'),(69,'ls','0051_remove_cucumber_vids_description_and_more','2022-02-27 01:17:29.197722'),(70,'ls','0052_alter_cucumber_opylenie','2022-02-27 01:20:50.334053'),(71,'ls','0053_alter_cucumber_vids','2022-02-27 01:24:04.308629'),(72,'ls','0054_remove_cucumber_vids','2022-02-27 01:28:16.574017'),(73,'ls','0055_cucumber_vids','2022-02-27 01:33:30.472156'),(74,'ls','0056_alter_cucumber_vids','2022-02-27 01:41:34.328098'),(75,'ls','0057_remove_cucumber_opylenie_alter_cucumber_vids','2022-02-27 01:45:29.474180'),(76,'ls','0058_flowers_class_image_flowers_color_and_more','2022-04-08 02:40:44.598818'),(77,'ls','0059_alter_flowers_color_alter_flowers_dlinapobegov_and_more','2022-04-08 03:15:17.189846'),(78,'ls','0060_alter_flowers_image','2022-04-08 05:16:53.484145'),(79,'ls','0061_flowers_likes_flowers_pub_date','2022-04-08 05:30:28.651158'),(80,'ls','0062_flowers_vid_image','2022-04-11 02:22:07.742248'),(81,'ls','0063_alter_flowers_class_image','2022-04-11 03:08:55.636169'),(82,'ls','0064_alter_flowers_class_image_alter_flowers_vid_image','2022-04-11 03:10:20.896475'),(83,'ls','0065_alter_flowers_vid_image','2022-04-11 03:12:07.524902'),(84,'ls','0066_alter_flowers_vid_image','2022-04-11 06:32:11.838713'),(85,'ls','0067_flowers_veg_type_flowers_vids','2022-04-12 06:49:13.714066'),(86,'ls','0068_remove_flowers_vid_alter_flowers_vids','2022-04-12 06:57:43.837788'),(87,'ls','0069_flowers_vid_descr','2022-04-12 08:25:23.194555'),(88,'ls','0070_alter_flowers_vid_descr','2022-04-12 23:45:41.547122');
/*!40000 ALTER TABLE `django_migrations` ENABLE KEYS */;
UNLOCK TABLES;

--
-- Table structure for table `django_session`
--

DROP TABLE IF EXISTS `django_session`;
/*!40101 SET @saved_cs_client     = @@character_set_client */;
/*!40101 SET character_set_client = utf8 */;
CREATE TABLE `django_session` (
  `session_key` varchar(40) NOT NULL,
  `session_data` longtext NOT NULL,
  `expire_date` datetime(6) NOT NULL,
  PRIMARY KEY (`session_key`),
  KEY `django_session_expire_date_a5c62663` (`expire_date`)
) ENGINE=InnoDB DEFAULT CHARSET=utf8mb4 COLLATE=utf8mb4_general_ci;
/*!40101 SET character_set_client = @saved_cs_client */;

--
-- Dumping data for table `django_session`
--

LOCK TABLES `django_session` WRITE;
/*!40000 ALTER TABLE `django_session` DISABLE KEYS */;
INSERT INTO `django_session` VALUES ('052rfgi2vb7vf991pok9ypww4bu3d0r3','.eJyrVoopNTAxMczPLUgsSlWyqgbzDQ1BpLEBmEwEk0lIImZI7BSw_iQlq2iIThMwaQoijcCmGBmBRcCqDVMU3AyVYmtrAQhcIYs:1n9MFf:NyrgKul9C3EQTJHfF2C7GFfKd8vHvqhtyWeLgVNmKSE','2022-01-31 07:16:27.079783'),('1bpdpurvrdvobdxu34d9f8us58hjud36','.eJyrVoopNTAxMczPLUgsSlWyqgbzDQ1BpLEBmEwEk0lIImZI7BSw_iQlq2iSdSqANZiASVMQaQTWbGQEFgErMkxRcDNUiq2tBQDLuC8H:1nNTS6:Xu6C8rIow41gBkOxT2eLM52HxVwKuPC1azb_spLj9aU','2022-03-11 05:47:38.713462'),('1unmgw23jdkefgmff8c5v9ek5o25fb89','.eJyrVoopNTAxMgORxkZg0hREmoDZJkkg0tAAzDZAyBqngElkcQswO00BzEkGk6kIpRDjIBpgmsFKDQ3BnCSEGcbmSCSyDSY5mdmpxfHJ-Tn5RUpWShBeZl5BaYluYlpJapFSLQARZDvw:1neqAQ:kGkIlMoGmsKM6kydJ6Ndauh0PKSaoGrxttIhM7cp9es','2022-04-28 03:29:10.359071'),('2q5nysznp2vc9hhti13f4vfpkpf4lnzs','.eJxVjDsOwjAQBe_iGlles46Bkj5nsPbj4ABypDipEHeHSCmgfTPzXibRupS0tjynUc3FgDn8bkzyyHUDeqd6m6xMdZlHtptid9psP2l-Xnf376BQK986KCq44FgwsjBy6CiIczEweFIYRDLgsYtevCc8IZ-BMrPioMAYzfsD7Mg4Yg:1nBuM3:WIG50c11a-niLi1RojU1b15_MgmOBsSlEZh23sMegCE','2022-02-07 08:05:35.886230'),('4dxfg58cgsewwl7wz8znbg6v6yvnakdi','eyJcdTA0NDFvbXBhcmUiOnt9fQ:1nKlDw:tW-H2wWaIXity_PJSvqo2DsM4tjXGlgaKOo8xoaJ3X8','2022-03-03 18:09:48.263327'),('55sgnmprdzibrmwhae3z2zuhs4vt7vtl','eyJcdTA0NDFvbXBhcmUiOnsibnVsbCI6WyJudWxsIl19fQ:1nXume:-zuM6Fm6V2QkYiMsxodh4r2S-LNtxKijCnNtC83iVT0','2022-04-09 01:00:00.389602'),('5tnaslsv1uzidqnbrq40yb4rwj4mehiq','.eJyrVoopNTAxNASRxgZgMhFMJiGJmCGxU0CkSRKpuhTAGsCKDMFCRgZIbCMkdpqCm2FOZnZqcXxyfk5-kZKVEoSXmVdQWqKbmFaSWqSkA3a1iWF-bkFiUaqSVTWZvlCyiiZZJ2k-UYqtrQUAcKtl8Q:1ohilY:wj7PqI7psx_m2b20wBM4h1dA4IhHCFv_xBrXi-34KSA','2022-10-24 02:43:40.742848'),('dk42aqaabyluaygfxzsay207hh41vtse','.eJyrVoopNTAxMczPLUgsSlWyqgbzDQ1BpLEBmEwEk0lIImZI7BSw_iQlq2iSdSqANYAVGYKFjAyQ2EZI7DQFN0MlHTItMAGTpmCDDNGNNkwBGR0LMRsiYZwKJpMRJpkYoXoStzoFhC3IXoJ5DOENAkYYgv1haAEmjcEkWKlhEoStFFtbCwDR_nkX:1nJpyW:8IW4CZh3mmRjtOFFAM-KcD9-X5bWkmOvVqnoVx0kI-A','2022-03-01 05:02:04.694130'),('eylj4g9a3rv72sb5faurunlgvf2ouoeb','.eJyNj8FuwyAQRH_F4txYLCx2mmMPveUPKlm7gGs3jomwfYry740hUpJDq1wGmHnA7Fl8LRKVWlX7pDapXBWTj_w_U6wLQFKTUPmHk9XlffEJQ3_wU2PDEKLYiXzqx9Myb6idfRRvqR1COJ4oerE7X7IDdP9ft4nRmby3zulrZJ5APzTd5qZFTtK4KvfGpNUDRcVLozS0zF2zTD42vbsy8Owx2YMf18D90PgdShvGOfZcrkh5S6dyH5wfPm7s0wMdTd31tnHoQBrJFmu2jGwqMlbK2jAoctBa6wF1VSurFOEW-R3IMztsHTDW4vILBYah0g:1nLhHa:UkJWFgM2ljMxAm2vx6zuj-yA_kkWEyBXzafppw4DuAs','2022-03-06 08:09:26.103103'),('gjlabfxtcj6t9pdcu0pu758b7e6nsepd','e30:1n8W5P:Nph8mwqs5yxZEFrMaU94ak9X_XCnJC2CmsAqR_siI-k','2022-01-28 23:34:23.120259'),('v1xrx5z4os8xuj4net4towbv9ioonv3x','.eJy1kt0KgkAQhV9F5trAWX8IH6CXKInVVpAsxZ8r8d3LOZYLFeJFN0f37DDnm9GBTr0XcD6pH04aeKKRaPr9dn6PnOmh9lIkF6xFxVFwPOfAZXE17TmryqqhmHAq7nXf7XTemYZcoQi4utW6MRQPoMoky1i5enF8JX5G8XFDtRAzW8QyolILNxqxwQzOE58SAKJqbog4LAvN0xfK7zrER1aYv4QBhQ2tpdlDhNaqPx3o5f0hKBndDdv6817XfovxAUfnv6g:1nJolJ:4nnPOkvhN5z79C-_sLDNg7gdeLxh3Ym3pIUVC7-RlVI','2022-03-01 03:44:21.827206'),('z96i1evvh8822vybgk0zt9zx4wr0alet','e30:1n8dPJ:VeERiKoeDY0vYItxdvPPp33GDHEWbq51HJMbgM606hI','2022-01-29 07:23:25.160804');
/*!40000 ALTER TABLE `django_session` ENABLE KEYS */;
UNLOCK TABLES;

--
-- Table structure for table `ls_baklajan`
--

DROP TABLE IF EXISTS `ls_baklajan`;
/*!40101 SET @saved_cs_client     = @@character_set_client */;
/*!40101 SET character_set_client = utf8 */;
CREATE TABLE `ls_baklajan` (
  `id` bigint(20) NOT NULL AUTO_INCREMENT,
  `name` varchar(500) NOT NULL,
  `sort` varchar(50) NOT NULL,
  `type_kusta` varchar(50) NOT NULL,
  `time` varchar(50) NOT NULL,
  `grunt_type` varchar(50) NOT NULL,
  `form` varchar(100) NOT NULL,
  `size` varchar(50) NOT NULL,
  `color` varchar(50) NOT NULL,
  `goal` varchar(50) NOT NULL,
  `description` longtext NOT NULL,
  `image` varchar(100) NOT NULL,
  `likes` int(11) NOT NULL,
  `pub_date` datetime(6) NOT NULL,
  `t_id_id` bigint(20) NOT NULL,
  `veg_type` varchar(100) NOT NULL,
  `vids` varchar(50) DEFAULT NULL,
  PRIMARY KEY (`id`),
  KEY `ls_baklajan_t_id_id_086a9dd0_fk_ls_vegetables_id` (`t_id_id`),
  CONSTRAINT `ls_baklajan_t_id_id_086a9dd0_fk_ls_vegetables_id` FOREIGN KEY (`t_id_id`) REFERENCES `ls_vegetables` (`id`)
) ENGINE=InnoDB AUTO_INCREMENT=3 DEFAULT CHARSET=utf8mb4 COLLATE=utf8mb4_general_ci;
/*!40101 SET character_set_client = @saved_cs_client */;

--
-- Dumping data for table `ls_baklajan`
--

LOCK TABLES `ls_baklajan` WRITE;
/*!40000 ALTER TABLE `ls_baklajan` DISABLE KEYS */;
INSERT INTO `ls_baklajan` VALUES (1,'Баклажан КАРАТАЯ F1','Гибрид','Низкорослый','122 дня','Закрытый грунт','удлинённо-грушевидной формы.','340—350 г','глянцево-блестящими тёмно-фиолетовыми плодами','сожрать','Утончённо-изысканный гибрид- среднеспелый, 122 дня от всходов до технической спелости, с очень привлекательными, исключительно выровненными, массой 340—350 г, глянцево-блестящими тёмно-фиолетовыми плодами удлинённо-грушевидной формы. Мякоть молочно-зеленоватая, без горечи, после кулинарной обработки отличного вкуса с тонким «грибным» ароматом. Обладают высокой лежкостью. Растение полураскидистое среднерослое.\r\nПосев на рассаду в конце февраля-начале марта. Высаживают рассаду в возрасте 60 дней. Схема   посадки 50*50см.','ls/images/baklajan/Баклажан_КАРАТАЙ_F1.jpg',14,'2021-12-30 02:00:27.000000',4,'Баклажаны',NULL),(2,'Баклажан ДЕСТАН F1','Гибрид','Низкорослый','85-95 дней','Закрытый грунт','удлиненные, овально-цилиндрические, с редкими шипа','250-300 грамм','блестяще-черного цвета','сожрать','Ранний, 85-95 дней от всходов до технической спелости, высокоурожайный гибрид с длительным плодоношением. Плоды качественные, блестяще-черного цвета, удлиненные, овально-цилиндрические, с редкими шипами у плодоножки, весом 250-300 грамм. \r\nРастение сильное, не сбрасывает завязи при поднятии или снижении температуры. Средней высоты, полураскидистое.\r\nПосев на рассаду в середине марта. Высаживают рассаду в возрасте 45-55 дней','ls/images/baklajan/Баклажан_Дестан_F1.jpeg',2,'2021-12-30 02:04:02.000000',4,'Баклажаны',NULL);
/*!40000 ALTER TABLE `ls_baklajan` ENABLE KEYS */;
UNLOCK TABLES;

--
-- Table structure for table `ls_comments`
--

DROP TABLE IF EXISTS `ls_comments`;
/*!40101 SET @saved_cs_client     = @@character_set_client */;
/*!40101 SET character_set_client = utf8 */;
CREATE TABLE `ls_comments` (
  `id` bigint(20) NOT NULL AUTO_INCREMENT,
  `toSortName` varchar(500) NOT NULL,
  `authorName` varchar(50) NOT NULL,
  `authorEmail` varchar(50) NOT NULL,
  `comment` longtext NOT NULL,
  `approved` tinyint(1) NOT NULL,
  `pub_date` datetime(6) NOT NULL,
  PRIMARY KEY (`id`)
) ENGINE=InnoDB AUTO_INCREMENT=17 DEFAULT CHARSET=utf8mb4 COLLATE=utf8mb4_general_ci;
/*!40101 SET character_set_client = @saved_cs_client */;

--
-- Dumping data for table `ls_comments`
--

LOCK TABLES `ls_comments` WRITE;
/*!40000 ALTER TABLE `ls_comments` DISABLE KEYS */;
INSERT INTO `ls_comments` VALUES (16,'Огурец МЕРЕНГА','Паша','Ru@rueins.ru','Test',0,'2022-02-28 11:41:06.035389');
/*!40000 ALTER TABLE `ls_comments` ENABLE KEYS */;
UNLOCK TABLES;

--
-- Table structure for table `ls_cucumber`
--

DROP TABLE IF EXISTS `ls_cucumber`;
/*!40101 SET @saved_cs_client     = @@character_set_client */;
/*!40101 SET character_set_client = utf8 */;
CREATE TABLE `ls_cucumber` (
  `id` bigint(20) NOT NULL AUTO_INCREMENT,
  `name` varchar(500) NOT NULL,
  `sort` varchar(50) NOT NULL,
  `time` varchar(50) NOT NULL,
  `form` varchar(50) NOT NULL,
  `size` varchar(50) NOT NULL,
  `shkura` varchar(50) NOT NULL,
  `color` varchar(50) NOT NULL,
  `massa` int(11) NOT NULL,
  `goal` varchar(50) NOT NULL,
  `description` longtext NOT NULL,
  `image` varchar(100) NOT NULL,
  `likes` int(11) NOT NULL,
  `pub_date` datetime(6) NOT NULL,
  `t_id_id` bigint(20) NOT NULL,
  `veg_type` varchar(100) NOT NULL,
  `vids` varchar(50) NOT NULL,
  PRIMARY KEY (`id`),
  KEY `ls_cucumber_t_id_id_3d58f583_fk_ls_vegetables_id` (`t_id_id`),
  CONSTRAINT `ls_cucumber_t_id_id_3d58f583_fk_ls_vegetables_id` FOREIGN KEY (`t_id_id`) REFERENCES `ls_vegetables` (`id`)
) ENGINE=InnoDB AUTO_INCREMENT=4 DEFAULT CHARSET=utf8mb4 COLLATE=utf8mb4_general_ci;
/*!40101 SET character_set_client = @saved_cs_client */;

--
-- Dumping data for table `ls_cucumber`
--

LOCK TABLES `ls_cucumber` WRITE;
/*!40000 ALTER TABLE `ls_cucumber` DISABLE KEYS */;
INSERT INTO `ls_cucumber` VALUES (3,'Огурец МЕРЕНГА','Гибрид','35-40 дней','цилиндрическая','Среднеплодный','Гладкие','тёмно-зелёный',100,'для консервирования и засолки','Новый гибридный не требующий опыления сорт, выведенный голландскими селекционерами. Сроки  созревания - 35-40 дн от полных всходов. Плоды имеют цилиндрическую форму и насыщенный тёмно-зелёный цвет, окрас не меняется в течение созревания. В длину огурцы достигают 8–10 см, вес составляет от 80 до 100 г. Устойчив к переростанию, к мучнистой и ложной мучнистой росе. Отлично подходит для консервирования и засолки.\r\nПлоды Меренги обладают хорошим вкусом. Горечь, характерная для некоторых сортов, отсутствует.','ls/images/cucumber/Огурец_Меренга_F1_TJYaQdS.jpg',0,'2022-02-27 01:45:45.000000',8,'Огурцы','Самоопыляемый');
/*!40000 ALTER TABLE `ls_cucumber` ENABLE KEYS */;
UNLOCK TABLES;

--
-- Table structure for table `ls_flowers`
--

DROP TABLE IF EXISTS `ls_flowers`;
/*!40101 SET @saved_cs_client     = @@character_set_client */;
/*!40101 SET character_set_client = utf8 */;
CREATE TABLE `ls_flowers` (
  `id` bigint(20) NOT NULL AUTO_INCREMENT,
  `lifetime` varchar(50) NOT NULL,
  `description` longtext NOT NULL,
  `image` varchar(100) NOT NULL,
  `class_image` varchar(100) NOT NULL,
  `color` varchar(50) NOT NULL,
  `dlinapobegov` varchar(50) NOT NULL,
  `height` varchar(50) NOT NULL,
  `name` varchar(500) NOT NULL,
  `sozvetie` varchar(50) NOT NULL,
  `tsvetok` varchar(50) NOT NULL,
  `likes` int(11) NOT NULL,
  `pub_date` datetime(6) NOT NULL,
  `vid_image` varchar(100) NOT NULL,
  `veg_type` varchar(100) NOT NULL,
  `vids` varchar(500) NOT NULL,
  `vid_descr` varchar(100) NOT NULL,
  PRIMARY KEY (`id`)
) ENGINE=InnoDB AUTO_INCREMENT=10 DEFAULT CHARSET=utf8mb4 COLLATE=utf8mb4_general_ci;
/*!40101 SET character_set_client = @saved_cs_client */;

--
-- Dumping data for table `ls_flowers`
--

LOCK TABLES `ls_flowers` WRITE;
/*!40000 ALTER TABLE `ls_flowers` DISABLE KEYS */;
INSERT INTO `ls_flowers` VALUES (4,'Многолетнее','Многолетнее растение.\r\nПочвопокровное.\r\nВысота 10-15 см','ls/images/flowers/2022-04-11/Арабис_кавказский_Литл_треже_Дип_Роуз.jpg','/static/ls/images/flowers_all.jpg','белый','','10-15 см','Арабис кавказский Литл треже Вайт','','',1,'2022-04-08 05:30:28.000000','ls/images/flowers/arabis.jpg','Цветы','Арабис','Непонятно что для газона.. но красиво'),(5,'Многолетнее','Многолетнее растение,\r\nсо стелющимися габитусом\r\n Высота 15-20 см','ls/images/2022-04-08/Аренария_монтана_Близзард.jpg','/static/ls/images/flowers_all.jpg','белый','','15-20 см','Аренария монтана Близзард','','',2,'2022-04-08 05:30:28.000000','ls/images/flowers/arenaria.jpg','Цветы','Аренария','Аренария'),(6,'Многолетнее','Многолетнее травянистое растение, с прочными цветоносами \r\nВысота – 15-20 см\r\nСоцветие 4-5 см','ls/images/2022-04-08/Армерия_приморская_Монинг_Стар_Вайт.jpg','/static/ls/images/flowers_all.jpg','белый','','15-20 см','Армерия приморская Монинг Стар Вайт','4-5 см','',3,'2022-04-08 05:30:28.000000','ls/images/flowers/armeria.jpg','Цветы','Армерия','Армерия???'),(7,'Многолетнее','Многолетнее раннецветущие растение\r\nВысота – 15-20 см\r\nСоцветие 8-10 см','ls/images/2022-04-08/Аубреция_гибридная_Одри_Дип_Блю_Шейдес.jpg','/static/ls/images/flowers_all.jpg','фиолетовый','','15-20 см','Аубреция гибридная Одри Дип Блю Шейдес','8-10 см','',0,'2022-04-08 05:30:28.000000','ls/images/flowers/aubretsia.jpg','Цветы','Аубреция','Аубреция???'),(8,'Однолетнее','Однолетнее растение Высота 60-70 см\r\nРазмер цветка 10-12 см','ls/images/2022-04-08/Астра_Леди_Корал_САЛМОН.jpg','/static/ls/images/flowers_all.jpg','коралловый','','60-70 см','Астра Леди Корал САЛМОН','','10-12 см',5,'2022-04-08 05:30:28.000000','ls/images/flowers/astra.jpg','Цветы','Астра','Для первоклашек');
/*!40000 ALTER TABLE `ls_flowers` ENABLE KEYS */;
UNLOCK TABLES;

--
-- Table structure for table `ls_kapusta`
--

DROP TABLE IF EXISTS `ls_kapusta`;
/*!40101 SET @saved_cs_client     = @@character_set_client */;
/*!40101 SET character_set_client = utf8 */;
CREATE TABLE `ls_kapusta` (
  `id` bigint(20) NOT NULL AUTO_INCREMENT,
  `name` varchar(500) NOT NULL,
  `vids` varchar(50) NOT NULL,
  `sort` varchar(50) NOT NULL,
  `time` varchar(50) NOT NULL,
  `grunt_type` varchar(50) NOT NULL,
  `form` varchar(50) NOT NULL,
  `size` varchar(50) NOT NULL,
  `color` varchar(50) NOT NULL,
  `massa` int(11) NOT NULL,
  `goal` varchar(300) NOT NULL,
  `description` longtext NOT NULL,
  `image` varchar(100) NOT NULL,
  `likes` int(11) NOT NULL,
  `pub_date` datetime(6) NOT NULL,
  `t_id_id` bigint(20) NOT NULL,
  `vids_image` varchar(100) NOT NULL,
  `veg_type` varchar(100) NOT NULL,
  `vids_description` longtext NOT NULL,
  PRIMARY KEY (`id`),
  KEY `ls_kapusta_t_id_id_4a889ec4_fk_ls_vegetables_id` (`t_id_id`),
  CONSTRAINT `ls_kapusta_t_id_id_4a889ec4_fk_ls_vegetables_id` FOREIGN KEY (`t_id_id`) REFERENCES `ls_vegetables` (`id`)
) ENGINE=InnoDB AUTO_INCREMENT=9 DEFAULT CHARSET=utf8mb4 COLLATE=utf8mb4_general_ci;
/*!40101 SET character_set_client = @saved_cs_client */;

--
-- Dumping data for table `ls_kapusta`
--

LOCK TABLES `ls_kapusta` WRITE;
/*!40000 ALTER TABLE `ls_kapusta` DISABLE KEYS */;
INSERT INTO `ls_kapusta` VALUES (1,'Капуста РИНДА F1','Белокочанная','Гибрид','3 мес','Открытый грунт','шар','большой','зеленый',5,'хранение','Ринда — гибрид капусты белокочанной среднего срока созревания. Период от всходов до технической спелости составляет 120 — 130 дн., от высадки рассады в грунт  80 — 85дн. Сорт Ринда долго сохраняется на корню, характеризуется устойчивостью к растрескиванию и стрелкованию. Нетребовательна к почве и климату, но повышенная требовательность к солнечному свету, хорошая устойчивость к заболеваниям и вредителям.Растения мощные. Листовая розетка компактная, полуприподнятая. Кочаны выровненные, однородные, плотные, средней массой 3 — 5 кг (максимальный вес — 8 кг), имеют округлую форму, на разрезе желтовато-белые. Внутренняя кочерыга короткая.\r\nЭтот сорт рекомендован для употребления в свежем виде и для квашения.','ls/images/kapusta/Капуста_Ринда_F1.jpg',2,'2021-12-27 07:09:15.000000',3,'ls/images/kapusta/belokochannaya.jpg','Капуста','Маша напишет про Белокочанная'),(2,'Капуста УАЙТЭКСЕЛ F1','Цветная','Гибрид','2 мес','Открытый грунт','куполообразная','','белый',2,'для свежего потребления','УАЙТ ЭКСЕЛ F1 –популярный ранний гибрид, готов к уборке уже через 65-70 дней после высадки рассады. Соцветия очень плотные, куполообразные, ослепительно-белые, хорошо закрыты наружными и внутренними листьями. Характеризуется высокой выровненностью и товарностью, средний вес головки 1,5-2 кг.\r\nНеприхотлив в выращивании, при заморозках листья не раскрывают головку. Хорошо переносит повышенную влажность и пониженную температуру. Вынослив к возвратным весенним заморозкам. Предназначен для уборки летом и осенью, очень долго сохраняет товарность в поле. Для свежего потребления.\r\nПосев на рассаду март-апрель','ls/images/kapusta/Капуста_цветная_Уайт_Эксел_F1.jpg',3,'2021-12-27 08:13:52.000000',3,'ls/images/kapusta/tsvetnaya.jpg','Капуста','Маша напишет про Цветная'),(3,'Капуста ГРИН  МЭДЖИК  F1','Брокколи','Гибрид','65-70 дней','Открытый грунт','куполообразные соцветия','','темно-зеленый',1,'для использования в домашней кулинарии и замораживания','ГРИН МЭДЖИК F1-ранний гибрид японской селекции, от всходов до технической спелости 65-70дн.\r\nРастение в один стебель, средней высоты. Розетка листьев приподнятая. Черешок средней длины. Кочан темно-зеленого цвета, состоит из плотно собранных, красивых, куполообразных соцветий. Кочерыга плотная, без пустот. Масса кочана 0,4-0,8 кг. Быстро адаптируется к условиям окружающей среды и почве. Форма кочанов не деформируется под воздействием высоких температур, устойчив к ложной мучнистой росе.\r\nВкус отличный, богат витаминами А и С.\r\nРекомендуется для использования в домашней кулинарии и замораживания.                                                Посев на рассаду производят в конце марта-начале апреля.\r\nИмеет только положительные отзывы.','ls/images/kapusta/Капуста_брокколи_ГРИН_МЭДЖИК_F1.jpg',3,'2021-12-27 08:18:30.000000',3,'ls/images/kapusta/brokkoli.jpg','Капуста','Маша напишет про Брокколи'),(6,'Капуста МАНОКО F1','Пекинская','Гибрид','45-48дн.','Открытый грунт','короткий плотный кочан','','нежно-салатовый',2,'готовить и употреблять в любом виде – вареном, тушеном, сыром','Сорт пекинской капусты Маноко F1 относится к суперранней гибридной селекции, ее вегетационный период составляет 45-48 дн. от высадки рассады. \r\nКапуста представлена в виде короткого плотного кочана, имеющего форму цилиндра, цвет кочана приятный нежно-салатовый. Каждая головка вырастает до 1,0-1,5 кг. Для роста капусты достаточно температуры 16-20 гр.С., жароустойчивый гибрид. Любит удобренную почву, посев рассадный или прямо в почву. Сорт устойчив к цветушности, подходит для выращивания в грунте открытого и закрытого типа.\r\n Капусту можно готовить и употреблять в любом виде – вареном, тушеном, сыром. Сорт содержит соли калия, кальция, железа и витамина С.','ls/images/kapusta/Капуста_пекинская_МАНОКО_F1.jpg',3,'2021-12-28 12:03:57.000000',3,'ls/images/kapusta/pekinskaya.jpg','Капуста','Маша напишет про Пекинская'),(7,'Капуста МЕГАТОН F1','Белокочанная','Гибрид','136—168 дней','Открытый грунт','шар','большой','белый',5,'идеален для квашения','Мегатон — сорт белокочанной капусты среднепозднего срока созревания, от появления полных всходов до сбора урожая проходит 136—168 дней, от высадки рассады 102-105 дн.\r\nРозетка листьев крупной величины, горизонтальная или полуприподнятая. Кочаны сочные, плотные, крупные, округлые, гладкие, светло-зеленые, полуприкрытые, средней массой 3 — 5 кг, могут достигать массы до 15кг.Внутренняя кочерыжка очень короткая (до 15 см).На урожайность влияет количество солнечных лучей, а также правильны полив. При избытке влаги кочаны начинают трескаться, а при сильной засухе останавливается развитие плодов.\r\nСорт устойчив к фузариозу, к серой гнили и киле.\r\nМегатон идеален для квашения, так как содержит большое количество сахаров, подходит для хранения до 3 месяцев.','ls/images/kapusta/Капуста_Мегатон1.jpg',0,'2021-12-29 08:43:18.000000',3,'ls/images/kapusta/belokochannaya.jpg','Капуста','Маша напишет про Белокочанная'),(8,'Капуста АГРЕССОР F1','Белокочанная','Гибрид','115 — 120 дней','Открытый грунт','шар','плоскоокруглые','тёмно-зелёный',5,'в свежем виде, квашения, засолки','Агрессор — достаточно новый, но уже полюбившийся огородникам гибрид белокочанной капусты среднепозднего срока созревания. От полных всходов до наступления технической спелости проходит 115 — 120 дней.\r\nЭтот сорт отличается высокой силой роста и устойчивостью к растрескиванию, имеет мощную корневую систему.\r\n Кочаны плоскоокруглые, выравненные, покрытые. Вес кочанов достигает 3–5 кг. С внешней стороны они имеют тёмно-зелёный окрас, на разрезе цвет беловатый. Внутренняя структура плотная. Вкусовые качества капусты высокие, лист сочный.\r\nСорт обладает иммунитетом к фузариозному увяданию, трипсу и крестоцветной блошке, внутреннему точечному некрозу. Хорошо переносит плохие погодные условия и недостаток азотного питания.\r\nАгрессор подходит для употребления в свежем виде (салаты) и приготовления кулинарных блюд (борщ, голубцы), а также квашения и засолки. Хранятся кочаны 5 — 6 месяцев.','ls/images/kapusta/Капуста_Агрессор_F1.jpg',0,'2021-12-29 08:46:09.000000',3,'ls/images/kapusta/belokochannaya.jpg','Капуста','Маша напишет про Белокочанная');
/*!40000 ALTER TABLE `ls_kapusta` ENABLE KEYS */;
UNLOCK TABLES;

--
-- Table structure for table `ls_morkov`
--

DROP TABLE IF EXISTS `ls_morkov`;
/*!40101 SET @saved_cs_client     = @@character_set_client */;
/*!40101 SET character_set_client = utf8 */;
CREATE TABLE `ls_morkov` (
  `id` bigint(20) NOT NULL AUTO_INCREMENT,
  `name` varchar(500) NOT NULL,
  `sort` varchar(50) NOT NULL,
  `sort_type` varchar(50) NOT NULL,
  `time` varchar(50) NOT NULL,
  `form` varchar(50) NOT NULL,
  `size` varchar(50) NOT NULL,
  `color` varchar(50) NOT NULL,
  `massa` int(11) NOT NULL,
  `goal` varchar(50) NOT NULL,
  `description` longtext NOT NULL,
  `image` varchar(100) NOT NULL,
  `likes` int(11) NOT NULL,
  `pub_date` datetime(6) NOT NULL,
  `t_id_id` bigint(20) NOT NULL,
  `veg_type` varchar(100) NOT NULL,
  `vids` varchar(50) DEFAULT NULL,
  PRIMARY KEY (`id`),
  KEY `ls_morkov_t_id_id_e4a5b73c_fk_ls_vegetables_id` (`t_id_id`),
  CONSTRAINT `ls_morkov_t_id_id_e4a5b73c_fk_ls_vegetables_id` FOREIGN KEY (`t_id_id`) REFERENCES `ls_vegetables` (`id`)
) ENGINE=InnoDB AUTO_INCREMENT=2 DEFAULT CHARSET=utf8mb4 COLLATE=utf8mb4_general_ci;
/*!40101 SET character_set_client = @saved_cs_client */;

--
-- Dumping data for table `ls_morkov`
--

LOCK TABLES `ls_morkov` WRITE;
/*!40000 ALTER TABLE `ls_morkov` DISABLE KEYS */;
INSERT INTO `ls_morkov` VALUES (1,'Морковь БАЛТИМОР F1','Гибрид','Берликум','100-103 дня','цилиндрической формы с тупым кончиком,','массой 120-250 г.','насыщенно-оранжевые',150,'для  длительного хранения','МОРКОВЬ  БАЛТИМОР -ЛИДЕР МИРОВОЙ СЕЛЕКЦИИ.\r\nСреднеспелый (100-103 дня от всходов до технической спелости) продуктивный гибрид. \r\nРозетка листьев прямостоячая. Корнеплод мощный, длинный, ровный, цилиндрической формы с тупым кончиком, массой 120-250 г. Сердцевина и кора насыщенно-оранжевые. Мякоть вкусная, с высоким содержанием сахара и каротина.\r\n Гибрид подходит для  длительного хранения (сохраняет вкус и полезные качества до следующего урожая) и имеет универсальное назначение( кулинария, заморозка, консервирование)\r\nОбладает высокой устойчивостью к грибковым и бактериальным заболеваниям, устойчив к цветушности.\r\nКорнеплоды имеют высокую устойчивость к растрескиванию, даже в сырую погоду.','ls/images/morkov/Морковь_Балтимор_F1.jpg',5,'2022-01-30 03:45:23.000000',6,'Морковь','Розетка листьев прямостоячая');
/*!40000 ALTER TABLE `ls_morkov` ENABLE KEYS */;
UNLOCK TABLES;

--
-- Table structure for table `ls_perets`
--

DROP TABLE IF EXISTS `ls_perets`;
/*!40101 SET @saved_cs_client     = @@character_set_client */;
/*!40101 SET character_set_client = utf8 */;
CREATE TABLE `ls_perets` (
  `id` bigint(20) NOT NULL AUTO_INCREMENT,
  `name` varchar(500) NOT NULL,
  `sort` varchar(50) NOT NULL,
  `type_kusta` varchar(50) NOT NULL,
  `time` varchar(50) NOT NULL,
  `grunt_type` varchar(50) NOT NULL,
  `form` varchar(50) NOT NULL,
  `size` varchar(50) NOT NULL,
  `color` varchar(150) NOT NULL,
  `goal` varchar(50) NOT NULL,
  `description` longtext NOT NULL,
  `image` varchar(100) NOT NULL,
  `likes` int(11) NOT NULL,
  `pub_date` datetime(6) NOT NULL,
  `t_id_id` bigint(20) NOT NULL,
  `vids` varchar(50) NOT NULL,
  `vids_image` varchar(100) NOT NULL,
  `veg_type` varchar(100) NOT NULL,
  `vids_description` longtext NOT NULL,
  PRIMARY KEY (`id`),
  KEY `ls_perets_t_id_id_42301821_fk_ls_vegetables_id` (`t_id_id`),
  CONSTRAINT `ls_perets_t_id_id_42301821_fk_ls_vegetables_id` FOREIGN KEY (`t_id_id`) REFERENCES `ls_vegetables` (`id`)
) ENGINE=InnoDB AUTO_INCREMENT=3 DEFAULT CHARSET=utf8mb4 COLLATE=utf8mb4_general_ci;
/*!40101 SET character_set_client = @saved_cs_client */;

--
-- Dumping data for table `ls_perets`
--

LOCK TABLES `ls_perets` WRITE;
/*!40000 ALTER TABLE `ls_perets` DISABLE KEYS */;
INSERT INTO `ls_perets` VALUES (1,'Перец ДЖИПСИ F1','Гибрид','','85-90 дн','Открытый и закрытый грунт','каноническая','длиной 11-14 см, и диаметром 5,5 – 6,5 см.','красный','Идеально подходит для фарширования','Ультра ранний ( 85-90 дн), высокопродуктивный гибридный сорт сладкого перца голландской селекции. Гибрид одинаково хорошо развивается и плодоносит как под пленочными укрытиями, так и в открытом грунте.  Кустики «Джипси» — полу раскидистые, невысокие. даже при небольшой их высоте (порядка 50 см) кусты требуют подвязывания к кольям. Растения — умеренно или слабо облиственные, листовые пластины – слегка морщинистые, среднего размера, окрашенные в интенсивно-зеленый цвет.\r\nСОВЕТ. Корневая система кустов – нежная и очень плохо переносит пикировку, поэтому, при рассадном культивирование, семена данного гибрида следует высевать не в общий ящичек. Плоды гибрида «венгерского» типа, пониклые, не крупные, длиной 11-14 см, и диаметром 5,5 – 6,5 см.\r\nСредняя масса перцев – 120+/-20 г, толщина стенок 5 мм., форма каноническая. Ярко выраженный перечный аромат. Идеально подходит для фарширования.','ls/images/perets/Перец_Джипси_F1.jpg',2,'2021-12-30 01:26:45.000000',2,'Острые','ls/images/perets/ostriy.jpg','Перцы','Очень остренькие перчики'),(2,'Перец ШАКИРА F1','Гибрид','','55-60 дней','Открытый и закрытый грунт','удлиненно-конусовидная','4 х 18 см','в технической спелости - темно-зеленый, в биологич','','Популярный гибрид острого перца с высоким потенциалом урожайности. Рано вступает в плодоношение - срок созревания плодов 55-60 дней от высадки рассады. Сильное растение открытого типа. Привлекательные, блестящие, очень однородные плоды с традиционным острым вкусом. Идеально подходит для выращивания как в открытом грунте, так и в пленочных теплицах.\r\nФорма плода: удлиненно-конусовидная\r\nРазмер плода: 4 х 18 см\r\nЦвет плода: в технической спелости - темно-зеленый, в биологической – красный','ls/images/perets/Перец_острый_Шакира_F1.jpg',2,'2021-12-30 01:32:04.000000',2,'Сладкие','ls/images/perets/sladkiy.jpg','Перцы','Очень сладенькие перчики');
/*!40000 ALTER TABLE `ls_perets` ENABLE KEYS */;
UNLOCK TABLES;

--
-- Table structure for table `ls_redis`
--

DROP TABLE IF EXISTS `ls_redis`;
/*!40101 SET @saved_cs_client     = @@character_set_client */;
/*!40101 SET character_set_client = utf8 */;
CREATE TABLE `ls_redis` (
  `id` bigint(20) NOT NULL AUTO_INCREMENT,
  `name` varchar(500) NOT NULL,
  `sort` varchar(50) NOT NULL,
  `time` varchar(50) NOT NULL,
  `form` varchar(50) NOT NULL,
  `size` varchar(50) NOT NULL,
  `color` varchar(50) NOT NULL,
  `massa` int(11) NOT NULL,
  `goal` varchar(50) NOT NULL,
  `description` longtext NOT NULL,
  `image` varchar(100) NOT NULL,
  `likes` int(11) NOT NULL,
  `pub_date` datetime(6) NOT NULL,
  `t_id_id` bigint(20) NOT NULL,
  `veg_type` varchar(100) NOT NULL,
  `vids` varchar(50) DEFAULT NULL,
  PRIMARY KEY (`id`),
  KEY `ls_redis_t_id_id_e944abb1_fk_ls_vegetables_id` (`t_id_id`),
  CONSTRAINT `ls_redis_t_id_id_e944abb1_fk_ls_vegetables_id` FOREIGN KEY (`t_id_id`) REFERENCES `ls_vegetables` (`id`)
) ENGINE=InnoDB AUTO_INCREMENT=2 DEFAULT CHARSET=utf8mb4 COLLATE=utf8mb4_general_ci;
/*!40101 SET character_set_client = @saved_cs_client */;

--
-- Dumping data for table `ls_redis`
--

LOCK TABLES `ls_redis` WRITE;
/*!40000 ALTER TABLE `ls_redis` DISABLE KEYS */;
INSERT INTO `ls_redis` VALUES (1,'Редис ЧЕРРИЭТ F1','Гибрид','16–18 дней','округлой формой','3–4 см','интенсивного алого окраса',45,'сожрать','Черриэт – гибридная форма редиса раннего срока созревания. \r\nКорнеплоды этого сорта отличаются удивительно ровной поверхностью, одинаковой округлой формой и кожурой интенсивного алого окраса. Мякоть корнеплодов белая, плотная, очень сочная, средне острого вкуса. Размер корнеплодов в съемной зрелости достигает 3–4 см, но при хорошем уходе они могут дорастать и до 5–6 см. Средний вес плодов составляет 25–30 г, крупные экземпляры достигают 40–45 г.\r\nВ благоприятных условиях и при соблюдении агротехники первый урожай можно собирать через 16–18 дней с момента появления всходов. Как и большинство сортов редиса голландской и японской селекции, он обладает высоким иммунитетом к холоду и легко приспосабливается к любым климатическим условиям. Под пленочным укрытием редис можно выращивать с ранней весны и до глубокой осени. К достоинствам сорта можно отнести высокую устойчивость к заболеваниям и повреждениям, отсутствие пустот в корнеплодах даже при перерастании. Также следует заметить, что растения не склонны к образованию стрелок с цветоносами.','ls/images/redis/Редис_Чэрриет_F1.jpg',2,'2022-01-30 04:32:50.000000',7,'Редис','Розетка листьев прямостоячая');
/*!40000 ALTER TABLE `ls_redis` ENABLE KEYS */;
UNLOCK TABLES;

--
-- Table structure for table `ls_svekla`
--

DROP TABLE IF EXISTS `ls_svekla`;
/*!40101 SET @saved_cs_client     = @@character_set_client */;
/*!40101 SET character_set_client = utf8 */;
CREATE TABLE `ls_svekla` (
  `id` bigint(20) NOT NULL AUTO_INCREMENT,
  `name` varchar(500) NOT NULL,
  `sort` varchar(50) NOT NULL,
  `time` varchar(50) NOT NULL,
  `form` varchar(50) NOT NULL,
  `size` varchar(50) NOT NULL,
  `color` varchar(50) NOT NULL,
  `massa` int(11) NOT NULL,
  `goal` varchar(50) NOT NULL,
  `description` longtext NOT NULL,
  `image` varchar(100) NOT NULL,
  `likes` int(11) NOT NULL,
  `pub_date` datetime(6) NOT NULL,
  `t_id_id` bigint(20) NOT NULL,
  `veg_type` varchar(100) NOT NULL,
  `vids` varchar(50) DEFAULT NULL,
  PRIMARY KEY (`id`),
  KEY `ls_svekla_t_id_id_2c5f4977_fk_ls_vegetables_id` (`t_id_id`),
  CONSTRAINT `ls_svekla_t_id_id_2c5f4977_fk_ls_vegetables_id` FOREIGN KEY (`t_id_id`) REFERENCES `ls_vegetables` (`id`)
) ENGINE=InnoDB AUTO_INCREMENT=2 DEFAULT CHARSET=utf8mb4 COLLATE=utf8mb4_general_ci;
/*!40101 SET character_set_client = @saved_cs_client */;

--
-- Dumping data for table `ls_svekla`
--

LOCK TABLES `ls_svekla` WRITE;
/*!40000 ALTER TABLE `ls_svekla` DISABLE KEYS */;
INSERT INTO `ls_svekla` VALUES (1,'Свекла КЕСТРЕЛ F1','Гибрид','115-120 дней','округлый, гладкий','200-350 г.','тёмно-красно-бордовой',350,'для длительного хранения','Среднеспелый (115-120 дней от всходов до технической спелости) гибрид японской селекции. Розетка листьев прямостоячая, прочная, не обрывается при выдергивании. Корнеплод округлый, гладкий, массой 200-350 г. Мякоть насыщенной тёмно-красно-бордовой окраски, практически без колец, в вареном виде нежная, вкусная, насыщенного цвета (сохраняет цвет при термической обработке).\r\nКорнеплоды устойчивы к растрескиванию; одно из достоинств гибрида — высокий иммунитет. Оригинаторы указывают на промежуточную устойчивость к ризоктониозу (красная гниль), мучнистой росе и ложной мучнистой росе. Овощеводы подтверждают высокую сопротивляемость культуры церкоспорозу.\r\nРекомендуется для выращивания на хранение. Лёжкость отличная, овощ предназначен для длительного хранения, в процессе которого способен сохранить не только внешний вид, но и вкус.','ls/images/svekla/Свекла_Кестрел_F1.jpg',4,'2022-01-30 03:08:01.000000',5,'Свекла','Розетка листьев прямостоячая');
/*!40000 ALTER TABLE `ls_svekla` ENABLE KEYS */;
UNLOCK TABLES;

--
-- Table structure for table `ls_tomato`
--

DROP TABLE IF EXISTS `ls_tomato`;
/*!40101 SET @saved_cs_client     = @@character_set_client */;
/*!40101 SET character_set_client = utf8 */;
CREATE TABLE `ls_tomato` (
  `id` bigint(20) NOT NULL AUTO_INCREMENT,
  `name` varchar(500) NOT NULL,
  `t_id_id` bigint(20) NOT NULL,
  `likes` int(11) NOT NULL,
  `pub_date` datetime(6) NOT NULL,
  `description` longtext NOT NULL,
  `image` varchar(100) NOT NULL,
  `vids` varchar(50) NOT NULL,
  `color` varchar(50) NOT NULL,
  `sort` varchar(50) NOT NULL,
  `form` varchar(100) NOT NULL,
  `goal` varchar(50) NOT NULL,
  `grunt_type` varchar(50) NOT NULL,
  `size` varchar(50) NOT NULL,
  `time` varchar(50) NOT NULL,
  `vids_image` varchar(100) NOT NULL,
  `veg_type` varchar(100) NOT NULL,
  `vids_description` longtext NOT NULL,
  PRIMARY KEY (`id`),
  KEY `ls_tomato_t_id_id_5707f889_fk_ls_vegetables_id` (`t_id_id`),
  CONSTRAINT `ls_tomato_t_id_id_5707f889_fk_ls_vegetables_id` FOREIGN KEY (`t_id_id`) REFERENCES `ls_vegetables` (`id`)
) ENGINE=InnoDB AUTO_INCREMENT=5 DEFAULT CHARSET=utf8mb4 COLLATE=utf8mb4_general_ci;
/*!40101 SET character_set_client = @saved_cs_client */;

--
-- Dumping data for table `ls_tomato`
--

LOCK TABLES `ls_tomato` WRITE;
/*!40000 ALTER TABLE `ls_tomato` DISABLE KEYS */;
INSERT INTO `ls_tomato` VALUES (1,'Томат ХАЙПИЛ 108 F1',1,22,'2021-12-24 00:40:54.000000','Кусты голландского гибрида Хайпил 108 F1 детерминантного типа, высота обычно 50-80 см. У них мощные сильные корни. Плоды растут кистями, в каждой по 3-5 штук. Созревают через 120-126 суток после всходов.\r\nМасса помидора 100-120 г. У них красный цвет, а форма варьируется: удлиненные плоды могут быть цилиндрическими или овальными, а иногда – с грушевидным утолщением. Внутри 2-3 семенных камеры. Мякоть плотная и крепкая, не склонна к растрескиванию. Гибриды отлично подходят для консервации и засолки, для употребления в свежем виде. Имеют высокую степень лежкости.\r\nТомат сорта Хайпил 108 F1 прекрасно себя чувствует при высокой влажности почвы, и низкой влажности воздуха. Растение с высокой степенью устойчивости к заболеваниям. За это многие дачники выбирают этот сорт для выращивания в открытом грунте. Помидор не подвержен таким заболеваниям, как: фузариозное увядание, вертициллезное увядание (все расы), альтернариозный рак стебля, бактериальная и серая пятнистость, нематода. Подходит для выращивания в ОГ и ЗГ.','ls/images/tomato/Томат_Хайпил_108.jpg','Детерминантные','Красный','Гибрид','шар','для свежего потребления','Закрытый грунт','340—350 г','45-48дн.','ls/images/tomato/determinantniy.jpg','Томаты','У томатов детерминантного типа куст перестает наращивать зеленую массу (стебли и листья) сразу после появления определенного количества цветочных кистей (в зависимости от сорта: от 2 до 6). Всю остальную часть периода вегетации растение «работает» исключительно на рост и созревание получившихся завязей. В результате количество плодов, созревающих на одном кусте, ограничено, но собрать их можно почти одновременно. Детерминантные сорта проще возделывать: они, как правило, образуют не высокие кусты (до 80-100 см), каждый из которых обходится без подвязки и не требует обширной площади питания. Такие томаты можно высаживать на небольших расстояниях друг от друга, экономя площадь участка и одновременно получая много однородных по спелости и другим потребительским качествам плодов. Томаты данного типа чаще всего выращивают в открытом грунте.'),(2,'Томат ЖИГОЛО',1,6,'2021-12-24 00:42:11.000000','Среднеспелый сорт (100-105 дней от всходов до плодоношения).\r\nШтамбовый, высота растения 40-45 см. Куст очень компактный, плотный. Кисть простая, состоящая из 5-6 необычных плодов. Форма плода сильно вытянуто-цилиндрическая, длина плода 15-16 см, диаметр 3-4 см, красного цвета, массой 130-140 г. Очень вкусный, мясистый, практически не содержит семян.\r\nОчень здоровые растения, не поражаются болезнями.\r\n Плоды в кисти созревают дружно. Отлично подходит для цельноплодного консервирования. Сорт прекрасно подходит для выращивания в открытом грунте.','ls/images/tomato/Томат_Жиголо.jpg','Детерминантные','Красный','Гибрид','удлинённо-грушевидной формы','','','','','ls/images/tomato/determinantniy.jpg','Томаты','У томатов детерминантного типа куст перестает наращивать зеленую массу (стебли и листья) сразу после появления определенного количества цветочных кистей (в зависимости от сорта: от 2 до 6). Всю остальную часть периода вегетации растение «работает» исключительно на рост и созревание получившихся завязей. В результате количество плодов, созревающих на одном кусте, ограничено, но собрать их можно почти одновременно. Детерминантные сорта проще возделывать: они, как правило, образуют не высокие кусты (до 80-100 см), каждый из которых обходится без подвязки и не требует обширной площади питания. Такие томаты можно высаживать на небольших расстояниях друг от друга, экономя площадь участка и одновременно получая много однородных по спелости и другим потребительским качествам плодов. Томаты данного типа чаще всего выращивают в открытом грунте.'),(3,'Томат БЕРБЕРАНА F1',1,13,'2021-12-30 00:54:09.000000','Крепкий, сильный и выносливый среднеранний гибрид для теплиц с продолжительным периодом плодоношения. Начало первых сборов через 95—105 дней после всходов. Плоды отличаются высокой товарностью, лёжкостью и транспортабельностью. Выровненные, плотные, массой 170—200 г и более, ярко-красные, цвета калины-ягоды, отличного вкус. Растение с мощным листовым аппаратом и развитой корневой системой позволяет обеспечить стабильное формирование кистей на протяжении всего срока вегетации. Устойчив к нематоде, вертициллезу, фузариозу, кладиоспориозу, вирусу табачной мозаики.','ls/images/tomato/Томаты_Берберана_F1.jpg','Индетерминантные','ярко-красные','Гибрид','шар','любое','Закрытый грунт','170—200 г и более','95—105 дней','ls/images/tomato/indeterminantniy.jpg','Томаты','Индетерминантные томаты развиваются иначе: они растут до тех пор, пока сохраняются оптимальные агротехнические условия (температура, влажность и т. д.), периодически формируя цветочные кисти. При этом процессы увеличения зеленой массы и «выкармливания» плодов протекают параллельно. Получается, что каждый куст при благоприятных условиях может вырасти в целое «дерево», но и количество плодов, которые он даст, ничем не ограничено. Зато растение нуждается в опоре, и урожай отдает постепенно: на каждом индетерминантном томате можно одновременно увидеть и цветущие кисти, и завязи, и плоды на разных стадиях созревания. В Сибири томаты такого типа лучше выращивать в теплицах, чтобы обеспечить растениям стабильно высокую температуру и влажность. Кусты должны располагаться подальше друг от друга, но и общее количество плодов, собранное с каждого из них за сезон, при хорошем уходе может получиться очень впечатляющим. Рекомендуем выращивать томаты этого типа в теплицах.'),(4,'Томат САРРА F1',1,6,'2022-01-15 07:18:36.000000','Томат крупноплодный  французской селекции. Один из элитных сортов. Невероятно ранний индетерминантный гибрид, первый урожай можно собирать уже всего через 60 дней, после высадки рассады и это при том, что поспевают плоды внушительных размеров 200-310гр.. Помидоры плотные, уникальной  сердцевидной ребристой формы, с характерным носиком. Колорит насыщенно-красный. На вкус очень сладкие. Сарра прекрасно переносит жару, хорошо транспортируется и хранится, устойчива к фузариозу, вертициллёзу, вирусной мозаике томата, корневой нематоде, фитофторе.\r\nИмеет только положительные отзывы.','ls/images/tomato/Томат_Сарра_F1.jpg','Индетерминантные','красный','Гибрид','удлинённо-грушевидной формы','хранение','Закрытый грунт','170—200 г и более','122 дня','ls/images/tomato/indeterminantniy.jpg','Томаты','Индетерминантные томаты развиваются иначе: они растут до тех пор, пока сохраняются оптимальные агротехнические условия (температура, влажность и т. д.), периодически формируя цветочные кисти. При этом процессы увеличения зеленой массы и «выкармливания» плодов протекают параллельно. Получается, что каждый куст при благоприятных условиях может вырасти в целое «дерево», но и количество плодов, которые он даст, ничем не ограничено. Зато растение нуждается в опоре, и урожай отдает постепенно: на каждом индетерминантном томате можно одновременно увидеть и цветущие кисти, и завязи, и плоды на разных стадиях созревания. В Сибири томаты такого типа лучше выращивать в теплицах, чтобы обеспечить растениям стабильно высокую температуру и влажность. Кусты должны располагаться подальше друг от друга, но и общее количество плодов, собранное с каждого из них за сезон, при хорошем уходе может получиться очень впечатляющим. Рекомендуем выращивать томаты этого типа в теплицах.');
/*!40000 ALTER TABLE `ls_tomato` ENABLE KEYS */;
UNLOCK TABLES;

--
-- Table structure for table `ls_vegetables`
--

DROP TABLE IF EXISTS `ls_vegetables`;
/*!40101 SET @saved_cs_client     = @@character_set_client */;
/*!40101 SET character_set_client = utf8 */;
CREATE TABLE `ls_vegetables` (
  `id` bigint(20) NOT NULL AUTO_INCREMENT,
  `veg_type` varchar(50) NOT NULL,
  `description` longtext NOT NULL,
  `image` varchar(100) NOT NULL,
  PRIMARY KEY (`id`)
) ENGINE=InnoDB AUTO_INCREMENT=9 DEFAULT CHARSET=utf8mb4 COLLATE=utf8mb4_general_ci;
/*!40101 SET character_set_client = @saved_cs_client */;

--
-- Dumping data for table `ls_vegetables`
--

LOCK TABLES `ls_vegetables` WRITE;
/*!40000 ALTER TABLE `ls_vegetables` DISABLE KEYS */;
INSERT INTO `ls_vegetables` VALUES (1,'Томаты','От правильно подобранного сорта или гибрида во многом зависит полученный результат, в том числе и урожайность помидоров. Но среди сотен пакетиков сложно выбрать даже опытному овощеводу.<br> \r\nРазумеется, не существует универсального сорта томатов, который давал бы одинаково хороший урожай во всех регионах нашей страны, рос и в теплице, и на улице, и даже на окне. Подбирать посевной материал необходимо, ориентируясь на особенности своей климатической зоны, почвы, условий выращивания и многого другого.<br> \r\nВ первую очередь стоит обратить внимание на деление томатов: <strong>по типу роста куста</strong>  и <strong>по сроку созревания плодов</strong>.<br> \r\n<h2 class=\"page_title\" >Срок созревания плодов</h2>\r\n<p>Срок созревания помидоров измеряется от появления всходов до достижения первыми плодами стадии биологической спелости. По этому параметру сорта делятся на несколько групп: <br>\r\n- Очень ранние (на упаковках часто пишут «ультраранние»): от 75 до 85 дней <br>\r\n- Ранние (раннеспелые): от 90 до 95 дней <br>\r\n- Среднеранние: от 100 до 103 дней <br>\r\n- Среднеспелые: от 100 до 115 дней <br>\r\n- Позднеспелые: от 120 до 130 дней<br>\r\n</p>\r\n<h2 class=\"page_title\" >Тип рост куста</h2>\r\n<p>В описаниях сортов томатов, вынесенных на упаковки семян, можно увидеть такие формулировки, как «штамбовый», «супердетерминантный» и даже «полудетерминантный». На деле, типов роста куста томатов существует всего два: <strong>детерминантный</strong> и <strong>индетерминантный</strong>. \r\n</p>','ls/images/2021-12-25/Томат_Хайпил_108.jpg'),(2,'Перцы','Это про перец!','ls/images/2021-12-25/Перец_Портека_F1.jpg'),(3,'Капуста','Капуста очень хороша','ls/images/2021-12-27/kapusta_all.jpg'),(4,'Баклажаны','Баклажан непонятен и растет не очень. Но вкусный...','ls/images/2021-12-30/baklajan_all.jpg'),(5,'Свекла','Свекла вкусная!','ls/images/2022-01-30/svekla.jpg'),(6,'Морковь','Морковь длинная!','ls/images/2022-01-30/morkov.jpg'),(7,'Редис','Редис красный!','ls/images/2022-01-30/redis.jpg'),(8,'Огурцы','Огурцы — это овощ, который популярен во всем мире. \r\nВ плодах огурца содержится 94-96 % воды. Биологически активные вещества растворены в физиологически идеальной для организма человека форме.<br>\r\nВыбирая сорт огурцов, следует ориентироваться на несколько важных показателей: <strong>тип опыления</strong> и <strong>способ выращивания</strong> культуры, <strong>сроки созревания</strong>, а также <strong>предназначение готовых плодов</strong>.\r\n<h2 class=\"page_title\" >Тип опыления</h2>\r\n<p><strong>Пчелоопыляемые</strong> – самые капризные сорта и гибриды. Для получения урожая требуется опыление пчелами. Если насекомых нет, завязи и, соответственно, плоды, не образуются. Рекомендуется выращивать в открытом грунте, до периода цветения возможны временные укрытия.<br>\r\n<strong>Самоопыляющиеся</strong> - способны образовывать завязи без насекомых. В одном цветке содержатся и тычинки, и пестики, поэтому опыление происходит без участия внешних факторов. Выращивают такие огурцы в теплицах, под временными укрытиями или в открытом грунте.<br>\r\n<strong>Партенокарпические</strong> – сорта и гибриды, которым абсолютно не требуется опыление для образования плодов. Характерная особенность – отсутствие семян в зрелых огурцах. Такие сорта подходят для выращивания в теплице и холодном климате.</p>\r\n<h2 class=\"page_title\" >Сроки созревания</h2>\r\n<p><strong>Ранние</strong> - образуют первые завязи и плоды уже через 30-40 дней после посадки. Однако следует учитывать, что у таких гибридов плодоношение не отличается высокой продолжительностью.<br>\r\n<strong>Среднеспелые</strong> - первый урожай удастся собрать через 40-50 дней после посева, но, в отличие от ранних сортов, эти виды отличаются достаточно продолжительным плодоношением.<br>\r\n<strong>Позднеспелые</strong>  - сорта долго не дают всходов и наращивают зеленую массу, поэтому первые плоды появятся не раньше, чем через 50 дней после посадки. При этом продолжительность плодоношения очень высокая, а сами культуры отличаются устойчивостью к заболеваниям.\r\n</p>\r\n<h2 class=\"page_title\" >Предназначение готовых плодов</h2>\r\n<p><strong>Салатные</strong> - отличаются сочной и вкусной мякотью, поэтому отлично подходят для употребления в свежем виде или приготовления салатов. При этом, у таких огурцов толстая кожица, которая практически не впитывает рассол, поэтому эти сорта не подходят для консервирования и засолки.<br>\r\n<strong>Универсальные сорта</strong> - подходят как для употребления в свежем виде, так и для засолки. Как правило, это гибридные среднеспелые сорта.<br>\r\n<strong>Засолочные</strong> - были специально выведены для консервирования. У них тонкая кожица, а все плоды имеют примерно одинаковый размер. Однако у этих сортов есть один существенный недостаток – в отличие от салатных они плохо хранятся, быстро вянут и желтеют.\r\n</p>','ls/images/2022-01-30/Огурцы.jpg');
/*!40000 ALTER TABLE `ls_vegetables` ENABLE KEYS */;
UNLOCK TABLES;
/*!40103 SET TIME_ZONE=@OLD_TIME_ZONE */;

/*!40101 SET SQL_MODE=@OLD_SQL_MODE */;
/*!40014 SET FOREIGN_KEY_CHECKS=@OLD_FOREIGN_KEY_CHECKS */;
/*!40014 SET UNIQUE_CHECKS=@OLD_UNIQUE_CHECKS */;
/*!40101 SET CHARACTER_SET_CLIENT=@OLD_CHARACTER_SET_CLIENT */;
/*!40101 SET CHARACTER_SET_RESULTS=@OLD_CHARACTER_SET_RESULTS */;
/*!40101 SET COLLATION_CONNECTION=@OLD_COLLATION_CONNECTION */;
/*!40111 SET SQL_NOTES=@OLD_SQL_NOTES */;

-- Dump completed on 2023-02-09  4:21:26
